,date,mean_temp,total_rain,total_snow,max_gust,gust_type
0,2017-01-01,-0.4,0.0,0.0,50.0,Galey
1,2017-01-02,0.4,0.0,0.0,35.0,Breezy
2,2017-01-03,3.1,15.8,0.0,29.0,Moderate
3,2017-01-04,-2.5,0.2,0.0,80.0,Galey
4,2017-01-05,-9.2,0.0,0.0,56.0,Galey
5,2017-01-06,-10.4,0.0,0.0,43.0,Breezy
6,2017-01-07,-10.9,0.0,0.0,41.0,Breezy
7,2017-01-08,-11.2,0.0,0.0,50.0,Galey
8,2017-01-09,-6.1,0.0,0.0,57.0,Galey
9,2017-01-10,2.4,11.2,7.2,74.0,Galey
10,2017-01-11,4.1,6.2,0.0,102.0,Stormy
11,2017-01-12,3.3,10.2,0.0,46.0,Breezy
12,2017-01-13,-5.2,0.0,0.0,56.0,Galey
13,2017-01-14,-6.2,0.0,0.0,29.0,Moderate
14,2017-01-15,-3.7,0.0,0.0,29.0,Moderate
15,2017-01-16,-1.9,0.0,0.0,32.0,Breezy
16,2017-01-17,0.7,12.2,0.0,44.0,Breezy
17,2017-01-18,2.0,0.4,0.0,33.0,Breezy
18,2017-01-19,1.9,0.0,0.0,29.0,Moderate
19,2017-01-20,2.2,0.2,0.0,29.0,Moderate
20,2017-01-21,4.2,0.0,0.0,29.0,Moderate
21,2017-01-22,3.6,0.0,0.0,39.0,Breezy
22,2017-01-23,2.2,0.0,0.0,41.0,Breezy
23,2017-01-24,0.4,0.0,0.0,37.0,Breezy
24,2017-01-25,2.2,1.0,0.0,29.0,Moderate
25,2017-01-26,2.1,1.8,0.0,56.0,Galey
26,2017-01-27,0.1,0.0,0.0,56.0,Galey
27,2017-01-28,-1.7,0.0,0.6,44.0,Breezy
28,2017-01-29,-4.5,0.0,0.0,50.0,Galey
29,2017-01-30,-7.8,0.0,0.0,33.0,Breezy
30,2017-01-31,-4.1,0.0,2.4,35.0,Breezy
31,2017-02-01,-1.2,0.0,0.4,48.0,Breezy
32,2017-02-02,-5.0,0.0,0.0,63.0,Galey
33,2017-02-03,-7.1,0.0,0.0,54.0,Galey
34,2017-02-04,-5.7,0.0,0.0,44.0,Breezy
35,2017-02-05,-1.5,0.0,0.8,56.0,Galey
36,2017-02-06,-2.2,0.0,0.0,29.0,Moderate
37,2017-02-07,1.4,15.4,0.0,52.0,Galey
38,2017-02-08,-2.1,0.0,0.0,69.0,Galey
39,2017-02-09,-8.2,0.0,0.0,50.0,Galey
40,2017-02-10,-5.0,0.0,3.8,52.0,Galey
41,2017-02-11,-0.1,0.0,0.0,32.0,Breezy
42,2017-02-12,-1.5,0.0,15.6,78.0,Galey
43,2017-02-13,-3.8,0.0,0.0,72.0,Galey
44,2017-02-14,-1.5,0.0,0.0,43.0,Breezy
45,2017-02-15,-2.2,0.0,0.0,63.0,Galey
46,2017-02-16,-6.5,0.0,0.0,44.0,Breezy
47,2017-02-17,-3.2,0.0,0.0,29.0,Moderate
48,2017-02-18,4.2,0.0,0.0,65.0,Galey
49,2017-02-19,6.6,0.0,0.0,46.0,Breezy
50,2017-02-20,2.3,0.0,0.0,35.0,Breezy
51,2017-02-21,3.1,1.4,0.0,37.0,Breezy
52,2017-02-22,5.6,0.0,0.0,29.0,Moderate
53,2017-02-23,10.9,0.0,0.0,57.0,Galey
54,2017-02-24,4.2,6.8,0.0,37.0,Breezy
55,2017-02-25,2.5,11.6,0.2,69.0,Galey
56,2017-02-26,-0.7,0.0,0.0,44.0,Breezy
57,2017-02-27,4.9,0.0,0.0,41.0,Breezy
58,2017-02-28,5.4,3.2,0.0,29.0,Moderate
59,2017-03-01,5.0,19.8,0.0,82.0,Galey
60,2017-03-02,-4.9,0.0,0.0,72.0,Galey
61,2017-03-03,-7.5,0.0,0.2,72.0,Galey
62,2017-03-04,-9.6,0.0,0.0,46.0,Breezy
63,2017-03-05,-7.1,0.0,0.0,43.0,Breezy
64,2017-03-06,2.2,0.4,0.0,29.0,Moderate
65,2017-03-07,9.2,0.2,0.0,29.0,Moderate
66,2017-03-08,5.4,0.0,0.0,89.0,Stormy
67,2017-03-09,0.4,0.0,0.0,69.0,Galey
68,2017-03-10,-5.8,0.0,0.0,82.0,Galey
69,2017-03-11,-9.6,0.0,0.0,74.0,Galey
70,2017-03-12,-8.9,0.0,0.0,46.0,Breezy
71,2017-03-13,-8.8,0.0,1.8,35.0,Breezy
72,2017-03-14,-9.7,0.0,1.4,70.0,Galey
73,2017-03-15,-6.2,0.0,1.2,78.0,Galey
74,2017-03-16,-2.7,0.0,0.0,56.0,Galey
75,2017-03-17,-0.8,0.0,0.0,33.0,Breezy
76,2017-03-18,1.1,0.0,0.4,33.0,Breezy
77,2017-03-19,3.3,0.0,0.0,29.0,Moderate
78,2017-03-20,2.7,0.0,0.0,32.0,Breezy
79,2017-03-21,3.9,0.0,0.0,69.0,Galey
80,2017-03-22,-5.3,0.0,0.0,59.0,Galey
81,2017-03-23,-3.0,0.0,0.0,32.0,Breezy
82,2017-03-24,8.0,7.6,0.0,46.0,Breezy
83,2017-03-25,2.5,7.8,0.0,43.0,Breezy
84,2017-03-26,3.2,3.0,0.0,46.0,Breezy
85,2017-03-27,11.1,2.2,0.0,39.0,Breezy
86,2017-03-28,5.9,0.0,0.0,41.0,Breezy
87,2017-03-29,5.5,0.0,0.0,41.0,Breezy
88,2017-03-30,1.9,6.2,1.8,63.0,Galey
89,2017-03-31,2.6,10.0,0.0,54.0,Galey
90,2017-04-01,6.2,0.0,0.0,43.0,Breezy
91,2017-04-02,8.8,0.0,0.0,54.0,Galey
92,2017-04-03,9.0,6.0,0.0,57.0,Galey
93,2017-04-04,8.3,11.8,0.0,63.0,Galey
94,2017-04-05,7.0,0.2,0.0,54.0,Galey
95,2017-04-06,4.1,27.8,0.4,57.0,Galey
96,2017-04-07,2.4,0.0,1.6,78.0,Galey
97,2017-04-08,6.5,0.0,0.0,46.0,Breezy
98,2017-04-09,12.2,0.0,0.0,37.0,Breezy
99,2017-04-10,16.7,4.0,0.0,85.0,Galey
100,2017-04-11,14.2,1.8,0.0,59.0,Galey
101,2017-04-12,4.7,0.0,0.0,59.0,Galey
102,2017-04-13,7.6,0.0,0.0,32.0,Breezy
103,2017-04-14,9.1,0.0,0.0,29.0,Moderate
104,2017-04-15,11.8,5.6,0.0,33.0,Breezy
105,2017-04-16,16.3,2.6,0.0,78.0,Galey
106,2017-04-17,6.5,0.0,0.0,44.0,Breezy
107,2017-04-18,4.7,0.0,0.0,33.0,Breezy
108,2017-04-19,14.0,0.6,0.0,48.0,Breezy
109,2017-04-20,6.5,25.0,0.0,52.0,Galey
110,2017-04-21,9.1,0.0,0.0,54.0,Galey
111,2017-04-22,8.8,0.0,0.0,50.0,Galey
112,2017-04-23,11.3,0.0,0.0,43.0,Breezy
113,2017-04-24,9.2,0.0,0.0,39.0,Breezy
114,2017-04-25,8.3,4.0,0.0,43.0,Breezy
115,2017-04-26,12.4,0.0,0.0,29.0,Moderate
116,2017-04-27,17.2,5.4,0.0,56.0,Galey
117,2017-04-28,13.5,0.0,0.0,46.0,Breezy
118,2017-04-29,10.4,0.0,0.0,54.0,Galey
119,2017-04-30,5.7,14.0,0.0,50.0,Galey
120,2017-05-01,10.1,19.2,0.0,43.0,Breezy
121,2017-05-02,8.6,1.2,0.0,74.0,Galey
122,2017-05-03,9.5,0.0,0.0,54.0,Galey
123,2017-05-04,7.5,20.2,0.0,46.0,Breezy
124,2017-05-05,7.9,22.2,0.0,52.0,Galey
125,2017-05-06,6.1,1.2,0.0,57.0,Galey
126,2017-05-07,7.0,0.4,0.0,59.0,Galey
127,2017-05-08,6.8,0.0,0.0,61.0,Galey
128,2017-05-09,6.7,0.0,0.0,33.0,Breezy
129,2017-05-10,7.7,0.0,0.0,29.0,Moderate
130,2017-05-11,10.4,0.0,0.0,39.0,Breezy
131,2017-05-12,10.4,0.0,0.0,29.0,Moderate
132,2017-05-13,12.3,1.0,0.0,29.0,Moderate
133,2017-05-14,11.9,1.4,0.0,67.0,Galey
134,2017-05-15,13.1,0.0,0.0,50.0,Galey
135,2017-05-16,12.0,0.8,0.0,29.0,Moderate
136,2017-05-17,19.6,0.0,0.0,69.0,Galey
137,2017-05-18,23.4,2.0,0.0,76.0,Galey
138,2017-05-19,12.9,0.0,0.0,46.0,Breezy
139,2017-05-20,11.7,0.0,0.0,50.0,Galey
140,2017-05-21,11.8,11.8,0.0,43.0,Breezy
141,2017-05-22,13.8,0.0,0.0,46.0,Breezy
142,2017-05-23,16.0,0.4,0.0,35.0,Breezy
143,2017-05-24,18.1,0.8,0.0,41.0,Breezy
144,2017-05-25,13.2,44.6,0.0,56.0,Galey
145,2017-05-26,15.2,3.8,0.0,32.0,Breezy
146,2017-05-27,15.5,0.0,0.0,29.0,Moderate
147,2017-05-28,16.0,0.0,0.0,33.0,Breezy
148,2017-05-29,19.9,1.4,0.0,50.0,Galey
149,2017-05-30,17.8,10.2,0.0,78.0,Galey
150,2017-05-31,17.1,0.0,0.0,57.0,Galey
151,2017-06-01,13.6,0.0,0.0,54.0,Galey
152,2017-06-02,14.9,0.0,0.0,48.0,Breezy
153,2017-06-03,16.3,0.0,0.0,32.0,Breezy
154,2017-06-04,16.4,6.4,0.0,29.0,Moderate
155,2017-06-05,14.5,0.2,0.0,41.0,Breezy
156,2017-06-06,13.7,3.2,0.0,48.0,Breezy
157,2017-06-07,14.5,0.0,0.0,29.0,Moderate
158,2017-06-08,17.3,0.0,0.0,29.0,Moderate
159,2017-06-09,20.7,0.0,0.0,43.0,Breezy
160,2017-06-10,22.6,0.0,0.0,46.0,Breezy
161,2017-06-11,26.9,0.0,0.0,48.0,Breezy
162,2017-06-12,26.6,0.0,0.0,50.0,Galey
163,2017-06-13,21.8,1.0,0.0,59.0,Galey
164,2017-06-14,19.5,0.0,0.0,43.0,Breezy
165,2017-06-15,18.3,0.0,0.0,29.0,Moderate
166,2017-06-16,23.6,8.0,0.0,52.0,Galey
167,2017-06-17,23.6,7.0,0.0,37.0,Breezy
168,2017-06-18,24.4,1.8,0.0,67.0,Galey
169,2017-06-19,21.7,0.4,0.0,35.0,Breezy
170,2017-06-20,18.5,4.2,0.0,56.0,Galey
171,2017-06-21,17.8,0.0,0.0,39.0,Breezy
172,2017-06-22,19.2,4.2,0.0,39.0,Breezy
173,2017-06-23,21.4,36.2,0.0,43.0,Breezy
174,2017-06-24,19.5,0.0,0.0,61.0,Galey
175,2017-06-25,17.7,1.4,0.0,67.0,Galey
176,2017-06-26,16.6,2.2,0.0,48.0,Breezy
177,2017-06-27,16.0,3.6,0.0,57.0,Galey
178,2017-06-28,18.4,0.6,0.0,43.0,Breezy
179,2017-06-29,21.3,4.2,0.0,54.0,Galey
180,2017-06-30,24.2,12.6,0.0,41.0,Breezy
181,2017-07-01,21.0,1.0,0.0,37.0,Breezy
182,2017-07-02,20.6,1.2,0.0,54.0,Galey
183,2017-07-03,20.2,0.0,0.0,32.0,Breezy
184,2017-07-04,20.3,0.0,0.0,29.0,Moderate
185,2017-07-05,20.5,0.0,0.0,29.0,Moderate
186,2017-07-06,23.2,0.0,0.0,39.0,Breezy
187,2017-07-07,24.7,0.0,0.0,39.0,Breezy
188,2017-07-08,19.9,0.0,0.0,52.0,Galey
189,2017-07-09,21.5,0.2,0.0,50.0,Galey
190,2017-07-10,21.8,0.0,0.0,39.0,Breezy
191,2017-07-11,23.2,0.0,0.0,32.0,Breezy
192,2017-07-12,23.1,0.6,0.0,29.0,Moderate
193,2017-07-13,18.8,2.2,0.0,33.0,Breezy
194,2017-07-14,22.6,0.6,0.0,50.0,Galey
195,2017-07-15,22.9,0.0,0.0,37.0,Breezy
196,2017-07-16,22.2,0.0,0.0,44.0,Breezy
197,2017-07-17,22.6,0.0,0.0,29.0,Moderate
198,2017-07-18,22.8,0.0,0.0,33.0,Breezy
199,2017-07-19,25.3,0.0,0.0,43.0,Breezy
200,2017-07-20,20.3,19.4,0.0,39.0,Breezy
201,2017-07-21,24.3,0.0,0.0,41.0,Breezy
202,2017-07-22,22.1,2.4,0.0,29.0,Moderate
203,2017-07-23,22.3,0.0,0.0,37.0,Breezy
204,2017-07-24,19.1,0.0,0.0,43.0,Breezy
205,2017-07-25,19.2,0.0,0.0,33.0,Breezy
206,2017-07-26,18.3,2.6,0.0,29.0,Moderate
207,2017-07-27,22.5,5.4,0.0,33.0,Breezy
208,2017-07-28,19.3,0.0,0.0,41.0,Breezy
209,2017-07-29,21.4,0.0,0.0,41.0,Breezy
210,2017-07-30,24.3,0.0,0.0,41.0,Breezy
211,2017-07-31,24.2,2.0,0.0,56.0,Galey
212,2017-08-01,23.4,13.4,0.0,59.0,Galey
213,2017-08-02,24.3,0.2,0.0,48.0,Breezy
214,2017-08-03,22.9,0.4,0.0,29.0,Moderate
215,2017-08-04,21.0,29.6,0.0,43.0,Breezy
216,2017-08-05,17.2,0.2,0.0,61.0,Galey
217,2017-08-06,18.9,0.0,0.0,39.0,Breezy
218,2017-08-07,18.1,0.4,0.0,41.0,Breezy
219,2017-08-08,19.7,0.0,0.0,35.0,Breezy
220,2017-08-09,22.5,0.0,0.0,43.0,Breezy
221,2017-08-10,22.3,0.0,0.0,33.0,Breezy
222,2017-08-11,21.1,2.2,0.0,41.0,Breezy
223,2017-08-12,21.1,0.4,0.0,41.0,Breezy
224,2017-08-13,20.0,0.0,0.0,29.0,Moderate
225,2017-08-14,21.4,0.0,0.0,29.0,Moderate
226,2017-08-15,21.9,1.4,0.0,41.0,Breezy
227,2017-08-16,20.1,0.0,0.0,29.0,Moderate
228,2017-08-17,20.3,14.6,0.0,32.0,Breezy
229,2017-08-18,23.4,0.0,0.0,48.0,Breezy
230,2017-08-19,20.5,0.0,0.0,46.0,Breezy
231,2017-08-20,22.1,0.0,0.0,37.0,Breezy
232,2017-08-21,24.3,0.0,0.0,29.0,Moderate
233,2017-08-22,20.3,8.0,0.0,69.0,Galey
234,2017-08-23,17.5,0.0,0.0,52.0,Galey
235,2017-08-24,15.6,0.0,0.0,35.0,Breezy
236,2017-08-25,16.4,0.0,0.0,29.0,Moderate
237,2017-08-26,16.4,0.0,0.0,29.0,Moderate
238,2017-08-27,16.8,0.0,0.0,39.0,Breezy
239,2017-08-28,19.4,0.0,0.0,33.0,Breezy
240,2017-08-29,19.2,0.0,0.0,29.0,Moderate
241,2017-08-30,19.0,0.2,0.0,29.0,Moderate
242,2017-08-31,14.5,3.8,0.0,50.0,Galey
243,2017-09-01,12.7,0.0,0.0,29.0,Moderate
244,2017-09-02,13.7,0.0,0.0,41.0,Breezy
245,2017-09-03,17.9,8.8,0.0,50.0,Galey
246,2017-09-04,20.3,8.6,0.0,67.0,Galey
247,2017-09-05,17.1,4.6,0.0,48.0,Breezy
248,2017-09-06,16.0,0.0,0.0,29.0,Moderate
249,2017-09-07,15.0,4.2,0.0,50.0,Galey
250,2017-09-08,14.0,0.0,0.0,41.0,Breezy
251,2017-09-09,12.8,0.0,0.0,32.0,Breezy
252,2017-09-10,13.7,0.0,0.0,29.0,Moderate
253,2017-09-11,15.5,0.0,0.0,29.0,Moderate
254,2017-09-12,17.1,0.0,0.0,29.0,Moderate
255,2017-09-13,18.2,0.0,0.0,29.0,Moderate
256,2017-09-14,21.5,0.0,0.0,32.0,Breezy
257,2017-09-15,21.7,0.0,0.0,29.0,Moderate
258,2017-09-16,21.2,0.0,0.0,29.0,Moderate
259,2017-09-17,21.1,0.0,0.0,29.0,Moderate
260,2017-09-18,21.8,0.0,0.0,29.0,Moderate
261,2017-09-19,23.0,0.0,0.0,35.0,Breezy
262,2017-09-20,21.9,0.0,0.0,29.0,Moderate
263,2017-09-21,21.6,0.0,0.0,29.0,Moderate
264,2017-09-22,21.9,0.0,0.0,29.0,Moderate
265,2017-09-23,25.4,0.0,0.0,29.0,Moderate
266,2017-09-24,26.5,0.0,0.0,29.0,Moderate
267,2017-09-25,25.8,0.0,0.0,29.0,Moderate
268,2017-09-26,25.6,0.0,0.0,32.0,Breezy
269,2017-09-27,22.0,0.0,0.0,50.0,Galey
270,2017-09-28,13.6,0.0,0.0,43.0,Breezy
271,2017-09-29,13.3,3.6,0.0,69.0,Galey
272,2017-09-30,10.5,0.0,0.0,41.0,Breezy
273,2017-10-01,10.9,0.0,0.0,29.0,Moderate
274,2017-10-02,13.5,0.0,0.0,29.0,Moderate
275,2017-10-03,16.0,0.0,0.0,29.0,Moderate
276,2017-10-04,19.0,3.6,0.0,57.0,Galey
277,2017-10-05,15.9,0.0,0.0,46.0,Breezy
278,2017-10-06,17.3,1.4,0.0,29.0,Moderate
279,2017-10-07,22.2,4.8,0.0,50.0,Galey
280,2017-10-08,20.9,0.6,0.0,61.0,Galey
281,2017-10-09,18.0,11.8,0.0,29.0,Moderate
282,2017-10-10,17.1,0.0,0.0,39.0,Breezy
283,2017-10-11,10.5,2.8,0.0,41.0,Breezy
284,2017-10-12,11.5,0.0,0.0,46.0,Breezy
285,2017-10-13,15.5,0.4,0.0,29.0,Moderate
286,2017-10-14,15.5,8.8,0.0,29.0,Moderate
287,2017-10-15,16.0,7.8,0.0,102.0,Stormy
288,2017-10-16,6.6,0.0,0.0,35.0,Breezy
289,2017-10-17,11.1,0.0,0.0,54.0,Galey
290,2017-10-18,16.0,0.0,0.0,43.0,Breezy
291,2017-10-19,14.1,0.0,0.0,52.0,Galey
292,2017-10-20,14.7,0.0,0.0,32.0,Breezy
293,2017-10-21,15.4,0.0,0.0,29.0,Moderate
294,2017-10-22,15.6,4.6,0.0,,
295,2017-10-23,16.9,9.2,0.0,46.0,Breezy
296,2017-10-24,12.7,1.0,0.0,59.0,Galey
297,2017-10-25,7.3,0.0,0.0,39.0,Breezy
298,2017-10-26,6.9,0.0,0.0,35.0,Breezy
299,2017-10-27,8.8,0.0,0.0,39.0,Breezy
300,2017-10-28,7.4,5.4,0.0,35.0,Breezy
301,2017-10-29,6.3,0.0,0.0,50.0,Galey
302,2017-10-30,6.9,0.0,0.0,63.0,Galey
303,2017-10-31,5.6,0.2,0.0,69.0,Galey
304,2017-11-01,5.5,1.6,0.0,29.0,Moderate
305,2017-11-02,10.9,11.0,0.0,39.0,Breezy
306,2017-11-03,6.8,2.0,0.0,52.0,Galey
307,2017-11-04,3.9,1.6,0.0,48.0,Breezy
308,2017-11-05,10.9,14.8,0.0,57.0,Galey
309,2017-11-06,7.7,0.0,0.0,46.0,Breezy
310,2017-11-07,3.6,0.0,0.0,32.0,Breezy
311,2017-11-08,2.85,0.0,0.0,37.0,Breezy
312,2017-11-09,2.1,0.6,0.0,74.0,Galey
313,2017-11-10,-6.8,0.0,0.0,59.0,Galey
314,2017-11-11,-3.5,0.0,0.0,33.0,Breezy
315,2017-11-12,2.7,1.0,0.0,29.0,Moderate
316,2017-11-13,3.4,0.6,0.0,29.0,Moderate
317,2017-11-14,4.8,0.0,0.0,29.0,Moderate
318,2017-11-15,5.1,2.4,0.0,39.0,Breezy
319,2017-11-16,3.8,0.6,0.0,61.0,Galey
320,2017-11-17,0.4,0.0,0.0,43.0,Breezy
321,2017-11-18,4.9,19.0,0.0,57.0,Galey
322,2017-11-19,0.9,0.8,1.2,61.0,Galey
323,2017-11-20,2.8,0.0,0.0,43.0,Breezy
324,2017-11-21,7.2,0.0,0.0,63.0,Galey
325,2017-11-22,-0.3,0.0,0.0,46.0,Breezy
326,2017-11-23,1.1,0.0,0.0,43.0,Breezy
327,2017-11-24,5.8,0.0,0.0,54.0,Galey
328,2017-11-25,5.5,1.0,0.0,56.0,Galey
329,2017-11-26,1.7,0.0,0.0,52.0,Galey
330,2017-11-27,1.6,0.0,0.0,50.0,Galey
331,2017-11-28,8.9,0.0,0.0,63.0,Galey
332,2017-11-29,4.7,0.0,0.0,57.0,Galey
333,2017-11-30,1.7,1.6,0.0,48.0,Breezy
334,2017-12-01,4.7,0.0,0.0,29.0,Moderate
335,2017-12-02,3.0,0.0,0.0,29.0,Moderate
336,2017-12-03,3.2,0.0,0.0,29.0,Moderate
337,2017-12-04,3.3,3.8,0.0,37.0,Breezy
338,2017-12-05,5.4,3.8,0.0,67.0,Galey
339,2017-12-06,0.5,0.0,0.0,67.0,Galey
340,2017-12-07,-1.6,0.0,0.0,56.0,Galey
341,2017-12-08,-1.2,0.0,0.0,57.0,Galey
342,2017-12-09,-1.6,0.0,0.0,29.0,Moderate
343,2017-12-10,-2.8,0.0,0.4,50.0,Galey
344,2017-12-11,-5.0,0.0,5.6,29.0,Moderate
345,2017-12-12,-7.2,0.0,5.6,57.0,Galey
346,2017-12-13,-10.1,0.0,1.4,43.0,Breezy
347,2017-12-14,-11.1,0.0,0.0,46.0,Breezy
348,2017-12-15,-8.0,0.0,0.2,50.0,Galey
349,2017-12-16,-7.2,0.0,0.2,35.0,Breezy
350,2017-12-17,-10.0,0.0,0.0,29.0,Moderate
351,2017-12-18,-1.7,1.4,0.4,29.0,Moderate
352,2017-12-19,4.1,0.0,0.0,69.0,Galey
353,2017-12-20,-0.9,0.0,0.0,59.0,Galey
354,2017-12-21,-3.8,0.0,4.0,29.0,Moderate
355,2017-12-22,-4.7,0.0,3.0,37.0,Breezy
356,2017-12-23,-2.1,0.0,3.6,33.0,Breezy
357,2017-12-24,-5.9,0.0,8.8,33.0,Breezy
358,2017-12-25,-8.2,0.0,1.0,76.0,Galey
359,2017-12-26,-14.4,0.0,0.0,52.0,Galey
360,2017-12-27,-15.5,0.0,0.0,33.0,Breezy
361,2017-12-28,-17.5,0.0,0.0,29.0,Moderate
362,2017-12-29,-12.3,0.0,4.5,29.0,Moderate
363,2017-12-30,-13.3,0.0,0.4,48.0,Breezy
364,2017-12-31,-18.6,0.0,0.0,32.0,Breezy
365,2018-01-01,-15.0,0.0,0.0,54.0,Galey
366,2018-01-02,-10.5,0.0,1.0,59.0,Galey
367,2018-01-03,-9.9,0.0,0.0,44.0,Breezy
368,2018-01-04,-14.7,0.0,0.0,65.0,Galey
369,2018-01-05,-19.0,0.0,0.0,50.0,Galey
370,2018-01-06,-20.0,0.0,0.0,32.0,Breezy
371,2018-01-07,-11.5,0.2,0.2,52.0,Galey
372,2018-01-08,-0.2,0.6,4.0,50.0,Galey
373,2018-01-09,-1.0,0.0,0.0,39.0,Breezy
374,2018-01-10,0.9,2.6,0.0,29.0,Moderate
375,2018-01-11,8.6,7.0,0.0,37.0,Breezy
376,2018-01-12,-0.2,10.2,3.4,67.0,Galey
377,2018-01-13,-14.3,0.0,0.0,61.0,Galey
378,2018-01-14,-11.9,0.0,0.0,35.0,Breezy
379,2018-01-15,-7.8,0.0,4.4,56.0,Galey
380,2018-01-16,-6.7,0.0,1.6,29.0,Moderate
381,2018-01-17,-10.0,0.0,0.4,48.0,Breezy
382,2018-01-18,-6.6,0.0,0.0,37.0,Breezy
383,2018-01-19,-2.2,0.0,0.0,54.0,Galey
384,2018-01-20,3.0,0.0,0.0,41.0,Breezy
385,2018-01-21,1.1,1.0,0.0,30.0,Breezy
386,2018-01-22,1.5,14.4,0.0,41.0,Breezy
387,2018-01-23,1.0,3.4,0.0,69.0,Galey
388,2018-01-24,-7.9,0.0,0.0,56.0,Galey
389,2018-01-25,-6.9,0.0,0.0,29.0,Moderate
390,2018-01-26,1.6,0.0,0.0,32.0,Breezy
391,2018-01-27,5.0,1.6,0.0,59.0,Galey
392,2018-01-28,1.1,0.0,0.0,33.0,Breezy
393,2018-01-29,-4.3,0.0,5.2,39.0,Breezy
394,2018-01-30,-11.0,0.0,0.4,52.0,Galey
395,2018-01-31,-6.5,0.0,0.8,43.0,Breezy
396,2018-02-01,-2.9,0.0,0.0,59.0,Galey
397,2018-02-02,-12.6,0.0,0.0,52.0,Galey
398,2018-02-03,-6.6,0.0,1.8,43.0,Breezy
399,2018-02-04,-3.8,0.2,5.2,69.0,Galey
400,2018-02-05,-11.0,0.0,0.0,52.0,Galey
401,2018-02-06,-8.1,0.0,0.2,41.0,Breezy
402,2018-02-07,-9.0,0.0,7.4,43.0,Breezy
403,2018-02-08,-9.9,0.0,0.0,52.0,Galey
404,2018-02-09,-8.1,0.0,6.8,29.0,Moderate
405,2018-02-10,-5.6,0.0,6.4,29.0,Moderate
406,2018-02-11,-4.3,0.0,1.0,50.0,Galey
407,2018-02-12,-7.6,0.0,0.0,41.0,Breezy
408,2018-02-13,-8.2,0.0,0.0,29.0,Moderate
409,2018-02-14,0.5,0.0,0.0,37.0,Breezy
410,2018-02-15,5.3,0.0,0.0,43.0,Breezy
411,2018-02-16,-2.0,0.0,0.0,61.0,Galey
412,2018-02-17,-4.1,0.0,0.0,33.0,Breezy
413,2018-02-18,0.4,0.0,0.0,39.0,Breezy
414,2018-02-19,0.7,13.4,0.0,29.0,Moderate
415,2018-02-20,9.7,7.6,0.0,52.0,Galey
416,2018-02-21,6.2,8.0,0.0,50.0,Galey
417,2018-02-22,-0.6,0.0,0.0,33.0,Breezy
418,2018-02-23,2.7,3.0,0.0,46.0,Breezy
419,2018-02-24,2.9,0.0,0.0,54.0,Galey
420,2018-02-25,6.5,4.8,0.0,69.0,Galey
421,2018-02-26,3.3,0.0,0.0,46.0,Breezy
422,2018-02-27,6.2,0.0,0.0,63.0,Galey
423,2018-02-28,9.0,0.0,0.0,46.0,Breezy
424,2018-03-01,1.8,0.2,0.6,69.0,Galey
425,2018-03-02,1.0,0.0,0.4,65.0,Galey
426,2018-03-03,0.0,0.0,0.0,54.0,Galey
427,2018-03-04,-1.2,0.0,0.0,46.0,Breezy
428,2018-03-05,-0.9,0.0,0.0,37.0,Breezy
429,2018-03-06,-0.2,0.0,0.0,48.0,Breezy
430,2018-03-07,0.6,0.0,0.2,43.0,Breezy
431,2018-03-08,-2.0,0.0,0.0,43.0,Breezy
432,2018-03-09,0.3,0.0,0.4,52.0,Galey
433,2018-03-10,-0.9,0.0,0.0,39.0,Breezy
434,2018-03-11,-0.8,0.0,0.0,32.0,Breezy
435,2018-03-12,-1.9,0.0,5.8,29.0,Moderate
436,2018-03-13,-1.4,0.0,0.0,46.0,Breezy
437,2018-03-14,-1.9,0.0,0.0,59.0,Galey
438,2018-03-15,-0.3,0.0,1.4,50.0,Galey
439,2018-03-16,-3.8,0.0,0.0,56.0,Galey
440,2018-03-17,0.0,0.0,0.0,48.0,Breezy
441,2018-03-18,2.1,0.0,0.0,63.0,Galey
442,2018-03-19,-3.7,0.0,0.0,30.0,Breezy
443,2018-03-20,-2.2,0.0,0.0,37.0,Breezy
444,2018-03-21,0.1,0.0,0.0,41.0,Breezy
445,2018-03-22,0.6,0.0,0.0,48.0,Breezy
446,2018-03-23,-0.1,0.0,0.0,48.0,Breezy
447,2018-03-24,-1.4,0.0,0.0,48.0,Breezy
448,2018-03-25,-2.3,0.0,0.0,35.0,Breezy
449,2018-03-26,3.4,0.0,0.0,44.0,Breezy
450,2018-03-27,4.8,4.4,0.0,32.0,Breezy
451,2018-03-28,5.1,0.0,0.0,33.0,Breezy
452,2018-03-29,3.7,17.2,0.0,37.0,Breezy
453,2018-03-30,1.6,0.2,0.0,54.0,Galey
454,2018-03-31,3.9,4.8,0.0,72.0,Galey
455,2018-04-01,-0.1,0.0,0.0,74.0,Galey
456,2018-04-02,1.9,0.0,0.0,35.0,Breezy
457,2018-04-03,3.3,20.8,0.0,46.0,Breezy
458,2018-04-04,0.2,4.8,0.0,96.0,Stormy
459,2018-04-05,-1.7,0.0,0.0,48.0,Breezy
460,2018-04-06,0.6,0.2,1.4,69.0,Galey
461,2018-04-07,-2.6,0.0,0.0,54.0,Galey
462,2018-04-08,-1.9,0.0,0.0,50.0,Galey
463,2018-04-09,-1.1,0.0,0.0,29.0,Moderate
464,2018-04-10,1.7,0.4,0.4,39.0,Breezy
465,2018-04-11,2.6,1.2,0.0,44.0,Breezy
466,2018-04-12,6.9,2.6,0.0,46.0,Breezy
467,2018-04-13,3.8,7.4,0.0,30.0,Breezy
468,2018-04-14,-0.3,5.6,4.2,52.0,Galey
469,2018-04-15,-1.6,15.2,3.8,74.0,Galey
470,2018-04-16,1.9,18.6,0.0,69.0,Galey
471,2018-04-17,-0.5,0.0,0.2,48.0,Breezy
472,2018-04-18,1.8,0.0,0.0,41.0,Breezy
473,2018-04-19,1.4,0.0,0.0,54.0,Galey
474,2018-04-20,3.0,0.0,0.0,46.0,Breezy
475,2018-04-21,6.0,0.0,0.0,29.0,Moderate
476,2018-04-22,8.5,0.0,0.0,29.0,Moderate
477,2018-04-23,10.4,0.0,0.0,32.0,Breezy
478,2018-04-24,11.8,4.2,0.0,37.0,Breezy
479,2018-04-25,7.5,18.8,0.0,54.0,Galey
480,2018-04-26,9.7,0.6,0.0,54.0,Galey
481,2018-04-27,8.5,3.0,0.0,39.0,Breezy
482,2018-04-28,4.5,1.8,0.0,48.0,Breezy
483,2018-04-29,6.0,0.0,0.4,59.0,Galey
484,2018-04-30,10.6,0.0,0.0,44.0,Breezy
485,2018-05-01,18.0,0.0,0.0,50.0,Galey
486,2018-05-02,22.8,0.0,0.0,54.0,Galey
487,2018-05-03,15.9,6.8,0.0,61.0,Galey
488,2018-05-04,16.6,8.2,0.0,119.0,Hurricane
489,2018-05-05,16.4,2.2,0.0,63.0,Galey
490,2018-05-06,14.8,0.8,0.0,32.0,Breezy
491,2018-05-07,12.9,0.0,0.0,32.0,Breezy
492,2018-05-08,12.8,0.0,0.0,29.0,Moderate
493,2018-05-09,15.8,0.0,0.0,30.0,Breezy
494,2018-05-10,12.6,2.2,0.0,61.0,Galey
495,2018-05-11,8.1,0.0,0.0,37.0,Breezy
496,2018-05-12,11.1,0.0,0.0,29.0,Moderate
497,2018-05-13,12.7,0.0,0.0,32.0,Breezy
498,2018-05-14,16.8,0.0,0.0,35.0,Breezy
499,2018-05-15,16.2,18.6,0.0,46.0,Breezy
500,2018-05-16,14.1,0.0,0.0,30.0,Breezy
501,2018-05-17,18.0,0.0,0.0,41.0,Breezy
502,2018-05-18,13.4,0.0,0.0,48.0,Breezy
503,2018-05-19,13.4,8.0,0.0,39.0,Breezy
504,2018-05-20,14.6,0.0,0.0,41.0,Breezy
505,2018-05-21,14.1,0.0,0.0,29.0,Moderate
506,2018-05-22,14.4,8.6,0.0,30.0,Breezy
507,2018-05-23,18.0,0.0,0.0,39.0,Breezy
508,2018-05-24,20.4,0.0,0.0,41.0,Breezy
509,2018-05-25,23.2,0.0,0.0,46.0,Breezy
510,2018-05-26,22.2,0.0,0.0,48.0,Breezy
511,2018-05-27,21.6,0.0,0.0,29.0,Moderate
512,2018-05-28,22.9,0.0,0.0,37.0,Breezy
513,2018-05-29,23.0,0.0,0.0,32.0,Breezy
514,2018-05-30,23.8,0.0,0.0,29.0,Moderate
515,2018-05-31,25.5,10.0,0.0,48.0,Breezy
516,2018-06-01,21.6,0.0,0.0,52.0,Galey
517,2018-06-02,17.4,0.0,0.0,37.0,Breezy
518,2018-06-03,17.7,7.4,0.0,30.0,Breezy
519,2018-06-04,16.8,1.0,0.0,69.0,Galey
520,2018-06-05,13.0,0.2,0.0,41.0,Breezy
521,2018-06-06,13.3,0.0,0.0,35.0,Breezy
522,2018-06-07,17.3,0.0,0.0,33.0,Breezy
523,2018-06-08,17.4,0.0,0.0,30.0,Breezy
524,2018-06-09,18.2,0.0,0.0,29.0,Moderate
525,2018-06-10,18.4,0.0,0.0,52.0,Galey
526,2018-06-11,17.1,0.0,0.0,41.0,Breezy
527,2018-06-12,18.4,0.0,0.0,33.0,Breezy
528,2018-06-13,23.0,3.2,0.0,87.0,Galey
529,2018-06-14,19.9,0.0,0.0,61.0,Galey
530,2018-06-15,19.1,0.0,0.0,30.0,Breezy
531,2018-06-16,21.7,0.0,0.0,32.0,Breezy
532,2018-06-17,24.6,0.0,0.0,43.0,Breezy
533,2018-06-18,25.4,2.6,0.0,56.0,Galey
534,2018-06-19,19.6,0.0,0.0,33.0,Breezy
535,2018-06-20,20.4,0.0,0.0,29.0,Moderate
536,2018-06-21,18.1,0.0,0.0,33.0,Breezy
537,2018-06-22,17.9,1.6,0.0,39.0,Breezy
538,2018-06-23,18.0,4.8,0.0,29.0,Moderate
539,2018-06-24,18.1,21.4,0.0,39.0,Breezy
540,2018-06-25,18.1,0.0,0.0,33.0,Breezy
541,2018-06-26,17.3,0.0,0.0,35.0,Breezy
542,2018-06-27,19.3,7.8,0.0,29.0,Moderate
543,2018-06-28,24.6,0.0,0.0,37.0,Breezy
544,2018-06-29,25.3,0.0,0.0,43.0,Breezy
545,2018-06-30,28.7,0.0,0.0,44.0,Breezy
546,2018-07-01,29.1,0.0,0.0,41.0,Breezy
547,2018-07-02,27.0,0.0,0.0,43.0,Breezy
548,2018-07-03,24.7,0.0,0.0,29.0,Moderate
549,2018-07-04,26.4,0.0,0.0,29.0,Moderate
550,2018-07-05,27.2,23.8,0.0,48.0,Breezy
551,2018-07-06,20.3,11.9,0.0,29.0,Moderate
552,2018-07-07,19.7,0.0,0.0,32.0,Breezy
553,2018-07-08,21.6,0.0,0.0,32.0,Breezy
554,2018-07-09,23.6,0.0,0.0,39.0,Breezy
555,2018-07-10,24.3,0.0,0.0,48.0,Breezy
556,2018-07-11,22.2,0.0,0.0,37.0,Breezy
557,2018-07-12,23.3,0.0,0.0,35.0,Breezy
558,2018-07-13,25.8,0.0,0.0,37.0,Breezy
559,2018-07-14,25.1,0.2,0.0,32.0,Breezy
560,2018-07-15,25.9,0.0,0.0,29.0,Moderate
561,2018-07-16,26.6,8.0,0.0,63.0,Galey
562,2018-07-17,22.7,0.0,0.0,44.0,Breezy
563,2018-07-18,19.8,0.0,0.0,35.0,Breezy
564,2018-07-19,20.7,0.0,0.0,30.0,Breezy
565,2018-07-20,24.2,0.6,0.0,39.0,Breezy
566,2018-07-21,22.1,0.4,0.0,44.0,Breezy
567,2018-07-22,20.4,15.4,0.0,41.0,Breezy
568,2018-07-23,24.4,0.0,0.0,33.0,Breezy
569,2018-07-24,26.0,5.4,0.0,43.0,Breezy
570,2018-07-25,24.5,0.0,0.0,37.0,Breezy
571,2018-07-26,23.3,8.0,0.0,89.0,Stormy
572,2018-07-27,21.7,2.0,0.0,43.0,Breezy
573,2018-07-28,19.3,0.2,0.0,46.0,Breezy
574,2018-07-29,19.9,0.0,0.0,43.0,Breezy
575,2018-07-30,22.0,0.0,0.0,32.0,Breezy
576,2018-07-31,22.0,0.0,0.0,29.0,Moderate
577,2018-08-01,23.7,0.6,0.0,46.0,Breezy
578,2018-08-02,24.2,0.0,0.0,39.0,Breezy
579,2018-08-03,24.5,0.0,0.0,35.0,Breezy
580,2018-08-04,25.7,0.0,0.0,29.0,Moderate
581,2018-08-05,27.0,0.0,0.0,41.0,Breezy
582,2018-08-06,27.8,22.6,0.0,67.0,Galey
583,2018-08-07,24.4,6.0,0.0,39.0,Breezy
584,2018-08-08,21.6,21.0,0.0,44.0,Breezy
585,2018-08-09,23.1,2.4,0.0,37.0,Breezy
586,2018-08-10,21.1,0.0,0.0,30.0,Breezy
587,2018-08-11,21.1,4.2,0.0,29.0,Moderate
588,2018-08-12,23.1,0.0,0.0,29.0,Moderate
589,2018-08-13,23.2,0.0,0.0,29.0,Moderate
590,2018-08-14,26.0,0.0,0.0,41.0,Breezy
591,2018-08-15,25.7,0.0,0.0,39.0,Breezy
592,2018-08-16,25.1,1.4,0.0,43.0,Breezy
593,2018-08-17,25.3,14.6,0.0,39.0,Breezy
594,2018-08-18,22.0,0.4,0.0,29.0,Moderate
595,2018-08-19,21.0,0.0,0.0,29.0,Moderate
596,2018-08-20,21.7,0.0,0.0,32.0,Breezy
597,2018-08-21,22.8,25.6,0.0,48.0,Breezy
598,2018-08-22,18.3,0.8,0.0,56.0,Galey
599,2018-08-23,20.7,0.0,0.0,46.0,Breezy
600,2018-08-24,20.8,0.0,0.0,39.0,Breezy
601,2018-08-25,22.9,17.8,0.0,37.0,Breezy
602,2018-08-26,24.5,0.0,0.0,37.0,Breezy
603,2018-08-27,24.3,0.8,0.0,32.0,Breezy
604,2018-08-28,28.0,0.0,0.0,57.0,Galey
605,2018-08-29,23.0,0.0,0.0,57.0,Galey
606,2018-08-30,16.8,0.0,0.0,43.0,Breezy
607,2018-08-31,19.8,0.0,0.0,29.0,Moderate
608,2018-09-01,21.3,0.0,0.0,32.0,Breezy
609,2018-09-02,26.1,0.4,0.0,39.0,Breezy
610,2018-09-03,26.8,0.0,0.0,39.0,Breezy
611,2018-09-04,23.9,0.0,0.0,29.0,Moderate
612,2018-09-05,27.9,0.4,0.0,54.0,Galey
613,2018-09-06,21.4,0.6,0.0,35.0,Breezy
614,2018-09-07,19.8,0.0,0.0,35.0,Breezy
615,2018-09-08,14.6,0.0,0.0,30.0,Breezy
616,2018-09-09,14.35,0.0,0.0,52.0,Galey
617,2018-09-10,14.1,26.2,0.0,50.0,Galey
618,2018-09-11,17.6,0.0,0.0,37.0,Breezy
619,2018-09-12,18.3,0.0,0.0,29.0,Moderate
620,2018-09-13,20.8,0.0,0.0,33.0,Breezy
621,2018-09-14,23.8,0.0,0.0,29.0,Moderate
622,2018-09-15,24.3,0.0,0.0,29.0,Moderate
623,2018-09-16,24.0,0.0,0.0,29.0,Moderate
624,2018-09-17,23.5,0.0,0.0,30.0,Breezy
625,2018-09-18,21.5,0.0,0.0,43.0,Breezy
626,2018-09-19,17.8,0.0,0.0,32.0,Breezy
627,2018-09-20,16.9,0.0,0.0,37.0,Breezy
628,2018-09-21,22.4,0.4,0.0,83.0,Galey
629,2018-09-22,13.2,0.0,0.0,46.0,Breezy
630,2018-09-23,12.8,0.0,0.0,30.0,Breezy
631,2018-09-24,14.9,2.2,0.0,43.0,Breezy
632,2018-09-25,18.6,6.2,0.0,41.0,Breezy
633,2018-09-26,17.6,0.0,0.0,57.0,Galey
634,2018-09-27,13.1,0.0,0.0,29.0,Moderate
635,2018-09-28,16.6,3.2,0.0,50.0,Galey
636,2018-09-29,12.2,0.0,0.0,41.0,Breezy
637,2018-09-30,11.2,10.4,0.0,29.0,Moderate
638,2018-10-01,10.0,9.8,0.0,33.0,Breezy
639,2018-10-02,11.2,12.6,0.0,32.0,Breezy
640,2018-10-03,14.3,0.0,0.0,29.0,Moderate
641,2018-10-04,14.6,4.0,0.0,59.0,Galey
642,2018-10-05,8.9,0.0,0.0,41.0,Breezy
643,2018-10-06,13.1,1.4,0.0,30.0,Breezy
644,2018-10-07,13.1,5.2,0.0,33.0,Breezy
645,2018-10-08,12.6,3.2,0.0,33.0,Breezy
646,2018-10-09,21.2,0.0,0.0,32.0,Breezy
647,2018-10-10,23.0,0.2,0.0,44.0,Breezy
648,2018-10-11,15.0,0.0,0.0,57.0,Galey
649,2018-10-12,8.2,0.8,0.0,50.0,Galey
650,2018-10-13,6.7,1.2,0.0,43.0,Breezy
651,2018-10-14,9.2,0.0,0.0,35.0,Breezy
652,2018-10-15,8.0,1.0,0.0,69.0,Galey
653,2018-10-16,6.5,0.0,0.0,48.0,Breezy
654,2018-10-17,5.1,0.2,0.0,72.0,Galey
655,2018-10-18,3.5,0.0,0.0,50.0,Galey
656,2018-10-19,10.6,0.0,0.0,65.0,Galey
657,2018-10-20,7.3,0.2,0.0,59.0,Galey
658,2018-10-21,3.0,0.0,0.0,56.0,Galey
659,2018-10-22,6.6,0.0,0.0,29.0,Moderate
660,2018-10-23,5.4,0.8,0.0,65.0,Galey
661,2018-10-24,3.6,0.4,0.0,43.0,Breezy
662,2018-10-25,4.5,0.2,0.0,35.0,Breezy
663,2018-10-26,6.7,0.0,0.0,46.0,Breezy
664,2018-10-27,3.5,6.8,2.0,48.0,Breezy
665,2018-10-28,3.5,0.8,0.4,29.0,Moderate
666,2018-10-29,4.1,1.0,0.0,61.0,Galey
667,2018-10-30,4.9,0.6,0.0,,
668,2018-10-31,8.9,16.2,0.0,35.0,Breezy
669,2018-11-01,6.2,29.6,0.0,41.0,Breezy
670,2018-11-02,4.4,5.0,0.0,48.0,Breezy
671,2018-11-03,3.6,1.6,0.0,46.0,Breezy
672,2018-11-04,3.4,0.0,0.0,45.0,Breezy
673,2018-11-05,8.8,1.8,0.0,,
674,2018-11-06,12.4,7.0,0.0,72.0,Galey
675,2018-11-07,6.6,1.0,0.0,59.0,Galey
676,2018-11-08,4.1,0.4,0.0,41.0,Breezy
677,2018-11-09,2.5,7.6,1.0,63.0,Galey
678,2018-11-10,-0.1,0.0,0.0,72.0,Galey
679,2018-11-11,0.6,0.0,0.0,39.0,Breezy
680,2018-11-12,3.6,1.0,0.0,,
681,2018-11-13,-1.3,0.8,0.4,46.0,Breezy
682,2018-11-14,-2.2,0.0,0.0,41.0,Breezy
683,2018-11-15,-2.4,0.0,9.0,46.0,Breezy
684,2018-11-16,1.2,0.0,4.2,46.0,Breezy
685,2018-11-17,-1.2,0.0,0.0,41.0,Breezy
686,2018-11-18,-1.9,0.0,0.0,,
687,2018-11-19,0.1,0.0,0.0,,
688,2018-11-20,-1.2,0.0,0.4,45.0,Breezy
689,2018-11-21,-5.8,0.0,0.0,68.0,Galey
690,2018-11-22,-9.6,0.0,0.0,33.0,Breezy
691,2018-11-23,-1.7,0.0,0.0,33.0,Breezy
692,2018-11-24,3.4,2.8,0.0,35.0,Breezy
693,2018-11-25,5.7,0.0,0.0,37.0,Breezy
694,2018-11-26,3.8,25.4,0.0,50.0,Galey
695,2018-11-27,0.4,0.2,0.6,58.0,Galey
696,2018-11-28,0.8,0.0,0.0,65.0,Galey
697,2018-11-29,0.9,0.0,0.0,42.0,Breezy
698,2018-11-30,0.8,0.0,0.0,,
699,2018-12-01,1.4,2.6,0.8,54.0,Galey
700,2018-12-02,6.7,3.8,0.0,42.0,Breezy
701,2018-12-03,2.7,1.8,1.0,48.0,Breezy
702,2018-12-04,-3.1,0.0,0.0,39.0,Breezy
703,2018-12-05,-3.5,0.0,0.2,39.0,Breezy
704,2018-12-06,-1.0,0.0,0.0,48.0,Breezy
705,2018-12-07,-6.2,0.0,0.0,,
706,2018-12-08,-3.3,0.0,0.0,42.0,Breezy
707,2018-12-09,-2.9,0.0,0.0,42.0,Breezy
708,2018-12-10,-0.1,0.0,0.0,37.0,Breezy
709,2018-12-11,-1.8,0.0,0.2,41.0,Breezy
710,2018-12-12,0.2,0.0,0.8,46.0,Breezy
711,2018-12-13,0.7,0.0,0.6,,
712,2018-12-14,2.2,2.6,0.0,,
713,2018-12-15,1.7,0.0,0.0,,
714,2018-12-16,1.7,0.0,0.0,,
715,2018-12-17,0.9,0.0,0.0,65.0,Galey
716,2018-12-18,-3.0,0.0,0.0,32.0,Breezy
717,2018-12-19,1.6,0.0,0.0,,
718,2018-12-20,2.5,6.4,0.0,,
719,2018-12-21,2.1,9.6,0.0,68.0,Galey
720,2018-12-22,-1.2,0.0,0.0,61.0,Galey
721,2018-12-23,-0.6,0.0,0.2,,
722,2018-12-24,-1.3,0.0,0.0,48.0,Breezy
723,2018-12-25,-1.5,0.0,0.0,,
724,2018-12-26,-1.9,0.0,0.0,39.0,Breezy
725,2018-12-27,-2.3,5.4,0.0,46.0,Breezy
726,2018-12-28,7.6,1.8,0.0,58.0,Galey
727,2018-12-29,-2.2,0.0,0.0,48.0,Breezy
728,2018-12-30,-3.0,0.0,1.6,33.0,Breezy
729,2018-12-31,1.3,13.6,0.0,42.0,Breezy
730,2019-01-01,-1.4,0.6,0.0,58.0,Galey
731,2019-01-02,-4.9,0.0,3.6,,
732,2019-01-03,-1.0,0.0,0.2,46.0,Breezy
733,2019-01-04,3.6,0.0,0.0,54.0,Galey
734,2019-01-05,1.2,0.0,0.0,33.0,Breezy
735,2019-01-06,-1.7,0.0,0.0,52.0,Galey
736,2019-01-07,-1.4,2.8,0.0,63.0,Galey
737,2019-01-08,5.3,3.8,0.0,50.0,Galey
738,2019-01-09,-1.3,0.0,0.0,71.0,Galey
739,2019-01-10,-8.0,0.0,0.0,61.0,Galey
740,2019-01-11,-10.7,0.0,0.0,41.0,Breezy
741,2019-01-12,-6.7,0.0,0.0,,
742,2019-01-13,-8.7,0.0,0.0,,
743,2019-01-14,-4.3,0.0,0.0,,
744,2019-01-15,-2.0,0.0,0.0,54.0,Galey
745,2019-01-16,-6.3,0.0,0.4,63.0,Galey
746,2019-01-17,-8.4,0.0,0.6,,
747,2019-01-18,-5.4,0.0,1.6,46.0,Breezy
748,2019-01-19,-13.6,0.0,6.4,42.0,Breezy
749,2019-01-20,-18.0,0.0,2.0,67.0,Galey
750,2019-01-21,-16.7,0.0,0.0,54.0,Galey
751,2019-01-22,-9.9,0.0,0.2,35.0,Breezy
752,2019-01-23,2.5,7.2,3.0,37.0,Breezy
753,2019-01-24,-0.4,0.4,0.2,46.0,Breezy
754,2019-01-25,-7.6,0.0,1.2,72.0,Galey
755,2019-01-26,-10.5,0.0,0.4,37.0,Breezy
756,2019-01-27,-11.1,0.0,10.0,63.0,Galey
757,2019-01-28,-12.7,0.0,26.4,71.0,Galey
758,2019-01-29,-8.8,0.0,7.0,58.0,Galey
759,2019-01-30,-19.0,0.0,0.2,67.0,Galey
760,2019-01-31,-18.6,0.0,0.0,58.0,Galey
761,2019-02-01,-14.6,0.0,0.0,37.0,Breezy
762,2019-02-02,-6.9,0.4,0.0,33.0,Breezy
763,2019-02-03,3.9,0.2,0.0,46.0,Breezy
764,2019-02-04,9.2,2.2,0.0,46.0,Breezy
765,2019-02-05,1.3,0.0,0.0,48.0,Breezy
766,2019-02-06,-3.9,14.8,2.0,46.0,Breezy
767,2019-02-07,0.2,0.6,0.0,58.0,Galey
768,2019-02-08,-2.2,0.0,0.4,89.0,Stormy
769,2019-02-09,-7.0,0.0,0.0,52.0,Galey
770,2019-02-10,-6.5,0.0,0.8,,
771,2019-02-11,-5.2,0.0,0.8,39.0,Breezy
772,2019-02-12,-3.6,8.0,7.4,63.0,Galey
773,2019-02-13,-2.2,0.0,6.0,71.0,Galey
774,2019-02-14,-2.0,0.2,0.0,52.0,Galey
775,2019-02-15,-0.5,1.4,0.0,74.0,Galey
776,2019-02-16,-5.3,0.0,0.2,41.0,Breezy
777,2019-02-17,-8.5,0.0,0.2,35.0,Breezy
778,2019-02-18,-10.1,0.0,4.5,39.0,Breezy
779,2019-02-19,-9.9,0.0,0.0,33.0,Breezy
780,2019-02-20,-5.9,1.0,0.0,45.0,Breezy
781,2019-02-21,-0.1,0.0,0.0,58.0,Galey
782,2019-02-22,-1.7,0.0,0.0,,
783,2019-02-23,-1.6,0.0,0.0,45.0,Breezy
784,2019-02-24,1.9,6.2,0.6,87.0,Galey
785,2019-02-25,-5.6,0.0,1.8,87.0,Galey
786,2019-02-26,-8.2,0.0,0.0,46.0,Breezy
787,2019-02-27,-10.6,0.0,18.4,37.0,Breezy
788,2019-02-28,-12.1,0.0,0.0,,
789,2019-03-01,-7.0,0.0,0.0,,
790,2019-03-02,-3.6,0.0,4.0,33.0,Breezy
791,2019-03-03,-5.6,0.0,0.4,39.0,Breezy
792,2019-03-04,-11.0,0.0,0.0,52.0,Galey
793,2019-03-05,-12.0,0.0,0.0,58.0,Galey
794,2019-03-06,-12.0,0.0,0.0,48.0,Breezy
795,2019-03-07,-10.0,0.0,0.0,46.0,Breezy
796,2019-03-08,-8.1,0.0,0.0,,
797,2019-03-09,-5.4,0.8,0.0,67.0,Galey
798,2019-03-10,3.0,12.2,0.0,63.0,Galey
799,2019-03-11,0.0,0.0,0.0,63.0,Galey
800,2019-03-12,0.1,0.0,0.0,46.0,Breezy
801,2019-03-13,0.7,0.4,0.0,,
802,2019-03-14,5.2,9.0,0.0,48.0,Breezy
803,2019-03-15,4.9,0.0,0.0,59.0,Galey
804,2019-03-16,-1.5,0.0,0.0,61.0,Galey
805,2019-03-17,-2.2,0.0,0.0,46.0,Breezy
806,2019-03-18,-0.3,0.0,0.0,48.0,Breezy
807,2019-03-19,0.9,0.0,0.6,37.0,Breezy
808,2019-03-20,4.6,0.0,0.0,41.0,Breezy
809,2019-03-21,5.4,1.2,0.0,37.0,Breezy
810,2019-03-22,-0.4,0.0,0.0,80.0,Galey
811,2019-03-23,-0.9,0.0,0.0,71.0,Galey
812,2019-03-24,3.6,0.0,0.0,42.0,Breezy
813,2019-03-25,-0.6,0.0,0.0,41.0,Breezy
814,2019-03-26,0.2,0.0,0.0,35.0,Breezy
815,2019-03-27,1.9,0.0,0.0,32.0,Breezy
816,2019-03-28,5.3,0.4,0.0,48.0,Breezy
817,2019-03-29,7.5,0.0,0.0,35.0,Breezy
818,2019-03-30,2.3,30.2,2.0,41.0,Breezy
819,2019-03-31,-0.9,0.0,1.2,59.0,Galey
820,2019-04-01,-1.1,0.0,0.0,41.0,Breezy
821,2019-04-02,4.7,0.0,0.0,42.0,Breezy
822,2019-04-03,3.5,0.2,0.2,80.0,Galey
823,2019-04-04,1.8,0.0,0.0,32.0,Breezy
824,2019-04-05,2.0,0.0,0.0,37.0,Breezy
825,2019-04-06,8.8,0.0,0.0,,
826,2019-04-07,9.5,4.0,0.0,45.0,Breezy
827,2019-04-08,10.1,0.0,0.0,61.0,Galey
828,2019-04-09,6.4,0.0,0.0,74.0,Galey
829,2019-04-10,4.1,0.0,0.0,41.0,Breezy
830,2019-04-11,1.6,0.0,0.0,45.0,Breezy
831,2019-04-12,9.0,1.8,0.0,46.0,Breezy
832,2019-04-13,9.7,0.0,0.0,67.0,Galey
833,2019-04-14,2.8,27.8,0.0,46.0,Breezy
834,2019-04-15,4.9,1.2,0.0,67.0,Galey
835,2019-04-16,3.4,0.4,0.0,35.0,Breezy
836,2019-04-17,7.4,0.6,0.0,52.0,Galey
837,2019-04-18,13.9,1.8,0.0,58.0,Galey
838,2019-04-19,8.9,18.6,0.0,48.0,Breezy
839,2019-04-20,6.7,13.0,0.0,37.0,Breezy
840,2019-04-21,9.4,0.0,0.0,,
841,2019-04-22,10.7,0.0,0.0,,
842,2019-04-23,10.4,2.2,0.0,63.0,Galey
843,2019-04-24,8.7,0.0,0.0,54.0,Galey
844,2019-04-25,7.6,0.8,0.0,,
845,2019-04-26,8.1,18.0,0.0,74.0,Galey
846,2019-04-27,4.5,0.0,0.0,72.0,Galey
847,2019-04-28,6.1,0.0,0.0,54.0,Galey
848,2019-04-29,3.2,0.6,0.2,48.0,Breezy
849,2019-04-30,6.4,1.2,0.0,33.0,Breezy
850,2019-05-01,6.7,14.6,0.0,54.0,Galey
851,2019-05-02,7.5,1.8,0.0,,
852,2019-05-03,8.8,13.4,0.0,,
853,2019-05-04,9.6,0.2,0.0,,
854,2019-05-05,10.8,0.0,0.0,,
855,2019-05-06,15.2,0.0,0.0,52.0,Galey
856,2019-05-07,9.7,2.6,0.0,59.0,Galey
857,2019-05-08,7.2,0.0,0.0,54.0,Galey
858,2019-05-09,12.0,6.2,0.0,67.0,Galey
859,2019-05-10,9.9,7.4,0.0,50.0,Galey
860,2019-05-11,6.9,0.0,0.0,41.0,Breezy
861,2019-05-12,7.1,5.4,0.0,65.0,Galey
862,2019-05-13,9.05,7.6,0.0,52.0,Galey
863,2019-05-14,11.0,0.4,0.0,35.0,Breezy
864,2019-05-15,12.6,0.8,0.0,41.0,Breezy
865,2019-05-16,11.0,0.0,0.0,39.0,Breezy
866,2019-05-17,13.6,0.0,0.0,39.0,Breezy
867,2019-05-18,10.9,0.0,0.0,37.0,Breezy
868,2019-05-19,15.4,2.0,0.0,50.0,Galey
869,2019-05-20,11.9,0.0,0.0,59.0,Galey
870,2019-05-21,11.6,0.0,0.0,45.0,Breezy
871,2019-05-22,11.3,0.6,0.0,52.0,Galey
872,2019-05-23,17.2,0.8,0.0,80.0,Galey
873,2019-05-24,16.6,0.0,0.0,42.0,Breezy
874,2019-05-25,15.5,28.0,0.0,52.0,Galey
875,2019-05-26,17.8,0.0,0.0,33.0,Breezy
876,2019-05-27,16.7,0.6,0.0,39.0,Breezy
877,2019-05-28,11.3,4.6,0.0,68.0,Galey
878,2019-05-29,13.1,0.6,0.0,35.0,Breezy
879,2019-05-30,16.3,0.0,0.0,41.0,Breezy
880,2019-05-31,13.8,0.0,0.0,35.0,Breezy
881,2019-06-01,16.0,1.0,0.0,41.0,Breezy
882,2019-06-02,14.0,3.0,0.0,63.0,Galey
883,2019-06-03,11.6,0.0,0.0,54.0,Galey
884,2019-06-04,12.2,0.0,0.0,35.0,Breezy
885,2019-06-05,14.6,11.2,0.0,33.0,Breezy
886,2019-06-06,18.7,0.0,0.0,41.0,Breezy
887,2019-06-07,19.0,0.0,0.0,39.0,Breezy
888,2019-06-08,18.4,0.0,0.0,54.0,Galey
889,2019-06-09,19.7,0.0,0.0,45.0,Breezy
890,2019-06-10,15.7,14.8,0.0,58.0,Galey
891,2019-06-11,16.5,0.0,0.0,50.0,Galey
892,2019-06-12,16.0,0.0,0.0,45.0,Breezy
893,2019-06-13,14.6,22.8,0.0,41.0,Breezy
894,2019-06-14,16.8,0.2,0.0,59.0,Galey
895,2019-06-15,17.2,0.4,0.0,58.0,Galey
896,2019-06-16,15.5,0.0,0.0,37.0,Breezy
897,2019-06-17,17.8,0.0,0.0,39.0,Breezy
898,2019-06-18,20.3,0.0,0.0,35.0,Breezy
899,2019-06-19,20.8,0.0,0.0,33.0,Breezy
900,2019-06-20,18.9,26.0,0.0,37.0,Breezy
901,2019-06-21,18.8,0.0,0.0,41.0,Breezy
902,2019-06-22,18.6,0.0,0.0,39.0,Breezy
903,2019-06-23,19.3,0.0,0.0,45.0,Breezy
904,2019-06-24,20.3,16.0,0.0,39.0,Breezy
905,2019-06-25,21.3,0.0,0.0,50.0,Galey
906,2019-06-26,23.7,1.2,0.0,48.0,Breezy
907,2019-06-27,23.0,0.0,0.0,45.0,Breezy
908,2019-06-28,23.4,12.0,0.0,61.0,Galey
909,2019-06-29,23.4,0.0,0.0,45.0,Breezy
910,2019-06-30,19.7,0.0,0.0,45.0,Breezy
911,2019-07-01,20.8,0.0,0.0,41.0,Breezy
912,2019-07-02,23.3,0.6,0.0,,
913,2019-07-03,23.9,0.0,0.0,39.0,Breezy
914,2019-07-04,23.7,0.0,0.0,39.0,Breezy
915,2019-07-05,26.1,1.6,0.0,45.0,Breezy
916,2019-07-06,26.5,0.0,0.0,46.0,Breezy
917,2019-07-07,20.1,0.0,0.0,45.0,Breezy
918,2019-07-08,20.2,0.0,0.0,41.0,Breezy
919,2019-07-09,21.4,0.0,0.0,37.0,Breezy
920,2019-07-10,22.3,0.4,0.0,39.0,Breezy
921,2019-07-11,23.8,1.6,0.0,45.0,Breezy
922,2019-07-12,20.5,0.0,0.0,33.0,Breezy
923,2019-07-13,23.3,6.2,0.0,50.0,Galey
924,2019-07-14,22.1,0.0,0.0,37.0,Breezy
925,2019-07-15,21.2,0.0,0.0,41.0,Breezy
926,2019-07-16,25.2,3.6,0.0,59.0,Galey
927,2019-07-17,25.1,67.0,0.0,39.0,Breezy
928,2019-07-18,25.2,0.0,0.0,41.0,Breezy
929,2019-07-19,26.5,0.2,0.0,41.0,Breezy
930,2019-07-20,27.6,4.6,0.0,71.0,Galey
931,2019-07-21,24.7,0.0,0.0,37.0,Breezy
932,2019-07-22,20.7,5.2,0.0,39.0,Breezy
933,2019-07-23,20.6,0.0,0.0,37.0,Breezy
934,2019-07-24,21.0,0.0,0.0,37.0,Breezy
935,2019-07-25,22.5,1.2,0.0,41.0,Breezy
936,2019-07-26,23.3,0.0,0.0,54.0,Galey
937,2019-07-27,24.3,0.8,0.0,58.0,Galey
938,2019-07-28,26.4,0.0,0.0,39.0,Breezy
939,2019-07-29,26.4,0.0,0.0,59.0,Galey
940,2019-07-30,24.4,11.2,0.0,37.0,Breezy
941,2019-07-31,21.8,0.0,0.0,33.0,Breezy
942,2019-08-01,20.8,0.0,0.0,39.0,Breezy
943,2019-08-02,21.5,0.0,0.0,39.0,Breezy
944,2019-08-03,22.8,0.0,0.0,41.0,Breezy
945,2019-08-04,22.3,0.0,0.0,41.0,Breezy
946,2019-08-05,22.3,0.0,0.0,46.0,Breezy
947,2019-08-06,24.0,3.6,0.0,55.0,Galey
948,2019-08-07,22.6,0.0,0.0,39.0,Breezy
949,2019-08-08,21.8,2.0,0.0,58.0,Galey
950,2019-08-09,20.1,0.0,0.0,59.0,Galey
951,2019-08-10,19.9,0.0,0.0,52.0,Galey
952,2019-08-11,21.6,0.0,0.0,35.0,Breezy
953,2019-08-12,24.3,3.2,0.0,45.0,Breezy
954,2019-08-13,23.5,0.0,0.0,37.0,Breezy
955,2019-08-14,21.2,0.0,0.0,39.0,Breezy
956,2019-08-15,19.6,1.4,0.0,41.0,Breezy
957,2019-08-16,20.8,0.0,0.0,41.0,Breezy
958,2019-08-17,23.2,15.8,0.0,50.0,Galey
959,2019-08-18,22.9,6.6,0.0,50.0,Galey
960,2019-08-19,22.9,0.0,0.0,41.0,Breezy
961,2019-08-20,22.2,2.2,0.0,41.0,Breezy
962,2019-08-21,24.9,0.6,0.0,42.0,Breezy
963,2019-08-22,20.1,0.0,0.0,42.0,Breezy
964,2019-08-23,18.8,0.0,0.0,41.0,Breezy
965,2019-08-24,17.3,0.0,0.0,50.0,Galey
966,2019-08-25,18.9,0.0,0.0,45.0,Breezy
967,2019-08-26,20.2,0.0,0.0,52.0,Galey
968,2019-08-27,20.0,9.2,0.0,52.0,Galey
969,2019-08-28,21.9,0.0,0.0,42.0,Breezy
970,2019-08-29,20.3,0.0,0.0,52.0,Galey
971,2019-08-30,19.9,0.0,0.0,58.0,Galey
972,2019-08-31,17.8,0.0,0.0,37.0,Breezy
973,2019-09-01,17.5,0.8,0.0,33.0,Breezy
974,2019-09-02,20.3,0.6,0.0,35.0,Breezy
975,2019-09-03,18.2,7.2,0.0,46.0,Breezy
976,2019-09-04,16.9,0.0,0.0,55.0,Galey
977,2019-09-05,16.3,0.0,0.0,39.0,Breezy
978,2019-09-06,16.8,1.2,0.0,41.0,Breezy
979,2019-09-07,16.9,0.0,0.0,45.0,Breezy
980,2019-09-08,13.8,0.0,0.0,39.0,Breezy
981,2019-09-09,13.8,0.0,0.0,42.0,Breezy
982,2019-09-10,17.6,18.2,0.0,39.0,Breezy
983,2019-09-11,23.2,1.0,0.0,32.0,Breezy
984,2019-09-12,16.6,0.8,0.0,45.0,Breezy
985,2019-09-13,17.7,5.6,0.0,55.0,Galey
986,2019-09-14,18.0,0.0,0.0,52.0,Galey
987,2019-09-15,14.6,4.4,0.0,,
988,2019-09-16,15.6,0.2,0.0,37.0,Breezy
989,2019-09-17,16.9,0.0,0.0,37.0,Breezy
990,2019-09-18,17.6,0.0,0.0,37.0,Breezy
991,2019-09-19,19.3,0.0,0.0,41.0,Breezy
992,2019-09-20,18.7,0.0,0.0,39.0,Breezy
993,2019-09-21,21.8,0.0,0.0,41.0,Breezy
994,2019-09-22,26.1,0.0,0.0,59.0,Galey
995,2019-09-23,20.1,0.2,0.0,52.0,Galey
996,2019-09-24,17.2,0.0,0.0,39.0,Breezy
997,2019-09-25,19.7,0.0,0.0,68.0,Galey
998,2019-09-26,16.9,3.2,0.0,58.0,Galey
999,2019-09-27,15.8,0.0,0.0,58.0,Galey
1000,2019-09-28,16.4,3.0,0.0,35.0,Breezy
1001,2019-09-29,11.8,0.0,0.0,52.0,Galey
1002,2019-09-30,14.9,0.0,0.0,42.0,Breezy
1003,2019-10-01,23.1,12.0,0.0,55.0,Galey
1004,2019-10-02,14.3,10.2,0.0,50.0,Galey
1005,2019-10-03,10.2,2.8,0.0,50.0,Galey
1006,2019-10-04,8.0,0.0,0.0,41.0,Breezy
1007,2019-10-05,8.8,0.0,0.0,54.0,Galey
1008,2019-10-06,16.6,1.8,0.0,46.0,Breezy
1009,2019-10-07,12.7,0.0,0.0,39.0,Breezy
1010,2019-10-08,12.3,0.0,0.0,39.0,Breezy
1011,2019-10-09,11.1,0.0,0.0,42.0,Breezy
1012,2019-10-10,12.0,0.0,0.0,50.0,Galey
1013,2019-10-11,13.9,0.0,0.0,46.0,Breezy
1014,2019-10-12,10.0,4.2,0.0,42.0,Breezy
1015,2019-10-13,10.7,0.0,0.0,59.0,Galey
1016,2019-10-14,8.6,0.0,0.0,45.0,Breezy
1017,2019-10-15,8.6,0.0,0.0,45.0,Breezy
1018,2019-10-16,10.0,18.2,0.0,42.0,Breezy
1019,2019-10-17,7.7,0.0,0.0,68.0,Galey
1020,2019-10-18,7.3,0.0,0.0,45.0,Breezy
1021,2019-10-19,6.6,0.0,0.0,37.0,Breezy
1022,2019-10-20,10.6,0.0,0.0,32.0,Breezy
1023,2019-10-21,10.6,1.4,0.0,61.0,Galey
1024,2019-10-22,12.9,10.6,0.0,58.0,Galey
1025,2019-10-23,10.4,0.0,0.0,54.0,Galey
1026,2019-10-24,9.1,0.6,0.0,42.0,Breezy
1027,2019-10-25,7.9,0.0,0.0,35.0,Breezy
1028,2019-10-26,5.8,9.2,0.0,50.0,Galey
1029,2019-10-27,10.2,25.8,0.0,67.0,Galey
1030,2019-10-28,10.4,0.0,0.0,39.0,Breezy
1031,2019-10-29,11.2,0.0,0.0,32.0,Breezy
1032,2019-10-30,7.7,20.6,0.0,37.0,Breezy
1033,2019-10-31,7.3,18.8,0.0,89.0,Stormy
1034,2019-11-01,3.3,0.0,0.0,84.0,Galey
1035,2019-11-02,4.0,0.4,0.0,52.0,Galey
1036,2019-11-03,3.6,0.0,0.0,48.0,Breezy
1037,2019-11-04,7.3,1.0,0.0,61.0,Galey
1038,2019-11-05,4.5,0.0,0.0,52.0,Galey
1039,2019-11-06,1.4,0.2,0.4,42.0,Breezy
1040,2019-11-07,-0.2,1.6,2.0,32.0,Breezy
1041,2019-11-08,-2.6,0.0,0.0,,
1042,2019-11-09,-0.4,0.0,0.0,50.0,Galey
1043,2019-11-10,3.1,0.4,0.2,45.0,Breezy
1044,2019-11-11,-3.9,0.0,13.6,45.0,Breezy
1045,2019-11-12,-7.6,0.0,0.2,45.0,Breezy
1046,2019-11-13,-7.8,0.0,2.0,35.0,Breezy
1047,2019-11-14,-1.0,0.0,0.4,41.0,Breezy
1048,2019-11-15,-1.6,0.0,0.0,46.0,Breezy
1049,2019-11-16,-6.8,0.0,0.0,42.0,Breezy
1050,2019-11-17,-2.3,0.0,0.0,33.0,Breezy
1051,2019-11-18,0.5,8.8,0.4,32.0,Breezy
1052,2019-11-19,2.3,0.2,0.0,,
1053,2019-11-20,3.7,0.0,0.0,,
1054,2019-11-21,4.8,4.2,0.0,46.0,Breezy
1055,2019-11-22,3.9,0.0,0.0,65.0,Galey
1056,2019-11-23,1.8,0.0,0.0,45.0,Breezy
1057,2019-11-24,1.7,0.0,0.0,35.0,Breezy
1058,2019-11-25,4.8,0.0,0.0,32.0,Breezy
1059,2019-11-26,6.4,0.0,0.0,39.0,Breezy
1060,2019-11-27,7.1,6.4,0.0,65.0,Galey
1061,2019-11-28,1.5,0.0,0.0,65.0,Galey
1062,2019-11-29,-2.1,0.0,0.0,,
1063,2019-11-30,-2.7,0.0,0.0,48.0,Breezy
1064,2019-12-01,-2.5,2.0,3.0,74.0,Galey
1065,2019-12-02,-4.0,0.0,9.4,41.0,Breezy
1066,2019-12-03,-4.3,0.0,0.6,,
1067,2019-12-04,1.3,0.0,0.0,45.0,Breezy
1068,2019-12-05,-0.9,0.0,0.4,59.0,Galey
1069,2019-12-06,-2.9,0.0,5.4,33.0,Breezy
1070,2019-12-07,-4.3,0.0,0.0,32.0,Breezy
1071,2019-12-08,1.7,0.0,0.0,48.0,Breezy
1072,2019-12-09,7.6,6.0,0.0,41.0,Breezy
1073,2019-12-10,1.5,0.6,0.0,65.0,Galey
1074,2019-12-11,-5.7,0.0,0.0,71.0,Galey
1075,2019-12-12,-5.0,0.0,0.0,37.0,Breezy
1076,2019-12-13,2.3,0.0,0.0,41.0,Breezy
1077,2019-12-14,1.6,18.0,2.6,52.0,Galey
1078,2019-12-15,-2.6,0.0,0.0,63.0,Galey
1079,2019-12-16,-2.3,0.0,0.0,,
1080,2019-12-17,-1.2,0.0,0.0,33.0,Breezy
1081,2019-12-18,-9.1,0.0,0.8,50.0,Galey
1082,2019-12-19,-11.4,0.0,5.0,,
1083,2019-12-20,-7.4,0.0,0.0,,
1084,2019-12-21,-3.0,0.0,0.0,33.0,Breezy
1085,2019-12-22,3.1,0.0,0.0,35.0,Breezy
1086,2019-12-23,4.5,0.0,0.0,39.0,Breezy
1087,2019-12-24,-1.4,0.0,0.0,42.0,Breezy
1088,2019-12-25,0.6,0.0,0.0,,
1089,2019-12-26,2.4,0.0,0.0,42.0,Breezy
1090,2019-12-27,6.9,0.0,0.0,48.0,Breezy
1091,2019-12-28,3.0,0.2,0.0,32.0,Breezy
1092,2019-12-29,1.1,7.8,0.0,55.0,Galey
1093,2019-12-30,5.6,8.0,0.0,80.0,Galey
1094,2019-12-31,0.4,0.0,2.0,54.0,Galey
1095,2020-01-01,-1.7,0.0,0.0,42.0,Breezy
1096,2020-01-02,3.0,0.0,0.0,46.0,Breezy
1097,2020-01-03,4.6,0.0,0.0,35.0,Breezy
1098,2020-01-04,0.9,0.0,2.4,45.0,Breezy
1099,2020-01-05,-0.8,0.0,3.6,45.0,Breezy
1100,2020-01-06,-1.7,0.0,0.0,61.0,Galey
1101,2020-01-07,-0.8,0.0,0.0,39.0,Breezy
1102,2020-01-08,-5.1,0.0,2.0,65.0,Galey
1103,2020-01-09,-4.9,0.0,0.2,48.0,Breezy
1104,2020-01-10,4.5,1.8,0.0,58.0,Galey
1105,2020-01-11,6.8,59.0,0.0,42.0,Breezy
1106,2020-01-12,-2.3,16.6,1.0,58.0,Galey
1107,2020-01-13,-1.7,0.0,0.4,39.0,Breezy
1108,2020-01-14,1.4,0.0,0.0,46.0,Breezy
1109,2020-01-15,2.6,0.0,0.0,45.0,Breezy
1110,2020-01-16,-5.0,0.0,0.2,55.0,Galey
1111,2020-01-17,-11.5,0.0,0.0,,
1112,2020-01-18,-2.8,0.2,17.2,52.0,Galey
1113,2020-01-19,-5.6,0.0,2.4,46.0,Breezy
1114,2020-01-20,-10.4,0.0,0.0,32.0,Breezy
1115,2020-01-21,-5.8,0.0,0.0,35.0,Breezy
1116,2020-01-22,-3.6,0.0,0.0,45.0,Breezy
1117,2020-01-23,-1.2,0.0,0.0,,
1118,2020-01-24,1.0,18.6,0.0,54.0,Galey
1119,2020-01-25,2.6,8.6,0.0,55.0,Galey
1120,2020-01-26,2.0,0.8,0.2,37.0,Breezy
1121,2020-01-27,0.6,0.0,0.0,37.0,Breezy
1122,2020-01-28,-0.1,0.0,0.0,37.0,Breezy
1123,2020-01-29,-4.9,0.0,0.0,32.0,Breezy
1124,2020-01-30,-5.1,0.0,0.0,33.0,Breezy
1125,2020-01-31,-2.0,0.0,0.8,,
1126,2020-02-01,-1.6,0.0,1.6,32.0,Breezy
1127,2020-02-02,0.0,0.0,4.2,32.0,Breezy
1128,2020-02-03,3.1,0.0,0.0,52.0,Galey
1129,2020-02-04,-1.2,0.0,0.0,54.0,Galey
1130,2020-02-05,-5.6,0.0,1.0,54.0,Galey
1131,2020-02-06,-4.5,0.0,6.6,41.0,Breezy
1132,2020-02-07,-6.8,0.0,3.0,52.0,Galey
1133,2020-02-08,-11.0,0.0,0.0,,
1134,2020-02-09,-5.0,0.0,8.4,45.0,Breezy
1135,2020-02-10,1.6,0.0,0.2,,
1136,2020-02-11,-0.1,0.0,0.0,45.0,Breezy
1137,2020-02-12,-1.6,0.0,0.8,42.0,Breezy
1138,2020-02-13,-8.7,0.0,5.0,52.0,Galey
1139,2020-02-14,-14.9,0.0,0.0,35.0,Breezy
1140,2020-02-15,-5.8,0.0,0.2,58.0,Galey
1141,2020-02-16,0.1,0.0,0.0,42.0,Breezy
1142,2020-02-17,-3.1,0.0,0.0,48.0,Breezy
1143,2020-02-18,1.9,0.2,5.6,58.0,Galey
1144,2020-02-19,-3.9,0.0,0.0,48.0,Breezy
1145,2020-02-20,-7.8,0.0,0.0,37.0,Breezy
1146,2020-02-21,-5.0,0.0,0.0,48.0,Breezy
1147,2020-02-22,0.7,0.0,0.0,42.0,Breezy
1148,2020-02-23,4.5,0.0,0.0,50.0,Galey
1149,2020-02-24,4.3,0.0,0.0,,
1150,2020-02-25,2.4,0.8,1.4,33.0,Breezy
1151,2020-02-26,-0.8,0.0,11.4,41.0,Breezy
1152,2020-02-27,-4.9,0.0,2.4,87.0,Galey
1153,2020-02-28,-7.2,0.0,1.6,67.0,Galey
1154,2020-02-29,-8.9,0.0,0.0,46.0,Breezy
1155,2020-03-01,-4.2,0.0,0.0,41.0,Breezy
1156,2020-03-02,3.8,0.2,0.0,45.0,Breezy
1157,2020-03-03,2.3,8.8,0.0,41.0,Breezy
1158,2020-03-04,3.4,0.0,0.0,55.0,Galey
1159,2020-03-05,1.2,0.0,0.0,45.0,Breezy
1160,2020-03-06,0.1,0.0,1.8,48.0,Breezy
1161,2020-03-07,-1.7,0.0,0.0,35.0,Breezy
1162,2020-03-08,6.3,0.0,0.0,46.0,Breezy
1163,2020-03-09,12.5,0.0,0.0,50.0,Galey
1164,2020-03-10,5.2,3.6,0.0,55.0,Galey
1165,2020-03-11,0.9,0.0,0.0,42.0,Breezy
1166,2020-03-12,3.0,0.0,0.0,37.0,Breezy
1167,2020-03-13,4.8,2.8,0.0,78.0,Galey
1168,2020-03-14,1.2,0.0,0.0,54.0,Galey
1169,2020-03-15,-0.3,0.0,0.0,39.0,Breezy
1170,2020-03-16,-0.6,0.0,1.0,46.0,Breezy
1171,2020-03-17,3.7,0.0,0.0,55.0,Galey
1172,2020-03-18,0.7,1.0,0.0,41.0,Breezy
1173,2020-03-19,4.7,2.6,0.0,37.0,Breezy
1174,2020-03-20,7.1,3.6,0.0,78.0,Galey
1175,2020-03-21,-3.9,0.0,0.0,42.0,Breezy
1176,2020-03-22,-3.3,0.0,0.0,48.0,Breezy
1177,2020-03-23,1.7,4.4,3.8,,
1178,2020-03-24,3.1,0.0,0.0,33.0,Breezy
1179,2020-03-25,5.7,0.0,0.0,39.0,Breezy
1180,2020-03-26,7.6,0.0,0.0,41.0,Breezy
1181,2020-03-27,5.2,0.0,0.0,37.0,Breezy
1182,2020-03-28,5.3,2.4,0.0,59.0,Galey
1183,2020-03-29,11.5,15.2,0.0,81.0,Galey
1184,2020-03-30,6.8,2.0,0.0,48.0,Breezy
1185,2020-03-31,5.5,0.2,0.0,48.0,Breezy
1186,2020-04-01,5.6,0.0,0.0,39.0,Breezy
1187,2020-04-02,8.3,0.0,0.0,46.0,Breezy
1188,2020-04-03,6.6,0.0,0.0,39.0,Breezy
1189,2020-04-04,8.3,0.2,0.0,35.0,Breezy
1190,2020-04-05,6.1,0.0,0.0,42.0,Breezy
1191,2020-04-06,7.0,0.0,0.0,42.0,Breezy
1192,2020-04-07,9.1,6.0,0.0,39.0,Breezy
1193,2020-04-08,9.7,1.8,0.0,48.0,Breezy
1194,2020-04-09,5.1,8.6,0.4,72.0,Galey
1195,2020-04-10,3.9,0.0,0.0,65.0,Galey
1196,2020-04-11,3.7,0.0,0.0,46.0,Breezy
1197,2020-04-12,8.8,0.6,0.0,33.0,Breezy
1198,2020-04-13,8.4,12.8,0.0,78.0,Galey
1199,2020-04-14,1.9,0.0,0.0,59.0,Galey
1200,2020-04-15,-0.2,0.0,0.0,45.0,Breezy
1201,2020-04-16,0.1,0.0,0.0,63.0,Galey
1202,2020-04-17,2.0,0.0,0.0,48.0,Breezy
1203,2020-04-18,4.2,0.0,0.0,50.0,Galey
1204,2020-04-19,6.1,0.4,0.0,58.0,Galey
1205,2020-04-20,1.7,0.0,0.0,41.0,Breezy
1206,2020-04-21,2.9,1.0,0.0,76.0,Galey
1207,2020-04-22,1.8,0.0,0.0,58.0,Galey
1208,2020-04-23,2.2,0.0,0.0,46.0,Breezy
1209,2020-04-24,7.1,0.0,0.0,37.0,Breezy
1210,2020-04-25,6.6,0.0,0.0,45.0,Breezy
1211,2020-04-26,8.6,2.0,0.0,61.0,Galey
1212,2020-04-27,8.9,0.0,0.0,45.0,Breezy
1213,2020-04-28,10.3,0.0,0.0,46.0,Breezy
1214,2020-04-29,11.1,1.0,0.0,61.0,Galey
1215,2020-04-30,11.8,6.2,0.0,54.0,Galey
1216,2020-05-01,11.4,1.2,0.0,45.0,Breezy
1217,2020-05-02,10.6,0.6,0.0,41.0,Breezy
1218,2020-05-03,13.8,0.0,0.0,61.0,Galey
1219,2020-05-04,6.6,0.0,0.0,52.0,Galey
1220,2020-05-05,5.4,0.0,0.0,32.0,Breezy
1221,2020-05-06,7.7,0.0,0.0,46.0,Breezy
1222,2020-05-07,7.4,0.4,0.0,59.0,Galey
1223,2020-05-08,0.9,0.0,0.0,54.0,Galey
1224,2020-05-09,1.1,0.0,0.4,68.0,Galey
1225,2020-05-10,3.4,0.4,0.0,,
1226,2020-05-11,3.1,4.4,2.8,45.0,Breezy
1227,2020-05-12,2.4,0.0,0.0,50.0,Galey
1228,2020-05-13,4.9,0.0,0.0,33.0,Breezy
1229,2020-05-14,9.6,3.4,0.0,,
1230,2020-05-15,13.4,3.4,0.0,37.0,Breezy
1231,2020-05-16,12.2,0.0,0.0,33.0,Breezy
1232,2020-05-17,11.8,2.0,0.0,48.0,Breezy
1233,2020-05-18,13.2,10.8,0.0,50.0,Galey
1234,2020-05-19,14.8,0.0,0.0,54.0,Galey
1235,2020-05-20,14.4,0.0,0.0,42.0,Breezy
1236,2020-05-21,14.1,0.0,0.0,,
1237,2020-05-22,16.8,0.0,0.0,,
1238,2020-05-23,18.8,0.0,0.0,,
1239,2020-05-24,20.6,0.4,0.0,37.0,Breezy
1240,2020-05-25,24.4,0.0,0.0,33.0,Breezy
1241,2020-05-26,23.7,0.0,0.0,33.0,Breezy
1242,2020-05-27,23.8,0.0,0.0,32.0,Breezy
1243,2020-05-28,20.5,6.6,0.0,,
1244,2020-05-29,18.4,6.2,0.0,59.0,Galey
1245,2020-05-30,13.4,0.0,0.0,54.0,Galey
1246,2020-05-31,11.5,0.2,0.0,58.0,Galey
1247,2020-06-01,15.8,0.0,0.0,52.0,Galey
1248,2020-06-02,20.1,10.4,0.0,55.0,Galey
1249,2020-06-03,20.4,5.4,0.0,48.0,Breezy
1250,2020-06-04,22.8,0.0,0.0,42.0,Breezy
1251,2020-06-05,22.7,2.6,0.0,59.0,Galey
1252,2020-06-06,20.0,0.0,0.0,58.0,Galey
1253,2020-06-07,16.0,0.0,0.0,37.0,Breezy
1254,2020-06-08,16.4,0.0,0.0,,
1255,2020-06-09,23.6,0.0,0.0,32.0,Breezy
1256,2020-06-10,24.5,24.4,0.0,68.0,Galey
1257,2020-06-11,19.9,0.0,0.0,65.0,Galey
1258,2020-06-12,13.6,0.0,0.0,65.0,Galey
1259,2020-06-13,13.4,0.0,0.0,41.0,Breezy
1260,2020-06-14,12.9,0.0,0.0,39.0,Breezy
1261,2020-06-15,15.0,0.0,0.0,39.0,Breezy
1262,2020-06-16,17.1,0.0,0.0,,
1263,2020-06-17,20.1,0.0,0.0,,
1264,2020-06-18,22.3,0.0,0.0,,
1265,2020-06-19,23.7,0.0,0.0,,
1266,2020-06-20,24.8,0.0,0.0,,
1267,2020-06-21,25.0,0.0,0.0,33.0,Breezy
1268,2020-06-22,25.0,0.2,0.0,33.0,Breezy
1269,2020-06-23,21.5,4.0,0.0,55.0,Galey
1270,2020-06-24,19.4,0.0,0.0,61.0,Galey
1271,2020-06-25,18.9,0.0,0.0,46.0,Breezy
1272,2020-06-26,22.5,0.0,0.0,46.0,Breezy
1273,2020-06-27,24.3,2.8,0.0,46.0,Breezy
1274,2020-06-28,23.3,0.0,0.0,42.0,Breezy
1275,2020-06-29,25.5,0.0,0.0,33.0,Breezy
1276,2020-06-30,23.4,0.0,0.0,35.0,Breezy
1277,2020-07-01,24.4,0.0,0.0,,
1278,2020-07-02,28.3,0.0,0.0,41.0,Breezy
1279,2020-07-03,27.4,0.0,0.0,45.0,Breezy
1280,2020-07-04,26.1,0.0,0.0,41.0,Breezy
1281,2020-07-05,26.3,0.0,0.0,39.0,Breezy
1282,2020-07-06,26.0,0.0,0.0,,
1283,2020-07-07,27.8,0.0,0.0,37.0,Breezy
1284,2020-07-08,28.4,6.2,0.0,71.0,Galey
1285,2020-07-09,28.4,0.0,0.0,42.0,Breezy
1286,2020-07-10,26.5,16.6,0.0,48.0,Breezy
1287,2020-07-11,24.3,21.0,0.0,59.0,Galey
1288,2020-07-12,23.1,0.0,0.0,39.0,Breezy
1289,2020-07-13,21.7,1.0,0.0,45.0,Breezy
1290,2020-07-14,22.1,0.0,0.0,,
1291,2020-07-15,23.3,0.0,0.0,,
1292,2020-07-16,23.7,2.8,0.0,33.0,Breezy
1293,2020-07-17,25.8,0.0,0.0,35.0,Breezy
1294,2020-07-18,26.7,0.0,0.0,45.0,Breezy
1295,2020-07-19,26.6,9.0,0.0,76.0,Galey
1296,2020-07-20,23.7,0.0,0.0,50.0,Galey
1297,2020-07-21,20.8,0.0,0.0,,
1298,2020-07-22,23.5,9.6,0.0,32.0,Breezy
1299,2020-07-23,23.0,0.0,0.0,35.0,Breezy
1300,2020-07-24,22.6,0.0,0.0,,
1301,2020-07-25,23.9,0.0,0.0,37.0,Breezy
1302,2020-07-26,26.6,0.0,0.0,48.0,Breezy
1303,2020-07-27,27.3,0.8,0.0,54.0,Galey
1304,2020-07-28,24.3,0.0,0.0,50.0,Galey
1305,2020-07-29,25.1,0.6,0.0,41.0,Breezy
1306,2020-07-30,22.5,0.0,0.0,39.0,Breezy
1307,2020-07-31,23.5,0.0,0.0,,
1308,2020-08-01,24.4,3.8,0.0,37.0,Breezy
1309,2020-08-02,24.0,37.0,0.0,67.0,Galey
1310,2020-08-03,21.0,26.8,0.0,54.0,Galey
1311,2020-08-04,21.2,10.4,0.0,54.0,Galey
1312,2020-08-05,19.1,0.0,0.0,52.0,Galey
1313,2020-08-06,18.6,0.0,0.0,,
1314,2020-08-07,20.1,0.0,0.0,,
1315,2020-08-08,21.5,0.0,0.0,,
1316,2020-08-09,25.5,0.0,0.0,41.0,Breezy
1317,2020-08-10,27.0,0.0,0.0,41.0,Breezy
1318,2020-08-11,22.3,0.0,0.0,45.0,Breezy
1319,2020-08-12,22.5,0.0,0.0,37.0,Breezy
1320,2020-08-13,24.0,0.0,0.0,,
1321,2020-08-14,24.7,0.0,0.0,35.0,Breezy
1322,2020-08-15,22.5,0.0,0.0,,
1323,2020-08-16,22.2,1.0,0.0,33.0,Breezy
1324,2020-08-17,21.2,4.8,0.0,48.0,Breezy
1325,2020-08-18,19.6,0.8,0.0,52.0,Galey
1326,2020-08-19,17.5,0.0,0.0,39.0,Breezy
1327,2020-08-20,19.3,0.0,0.0,45.0,Breezy
1328,2020-08-21,24.0,0.0,0.0,45.0,Breezy
1329,2020-08-22,25.0,0.0,0.0,,
1330,2020-08-23,25.1,0.0,0.0,42.0,Breezy
1331,2020-08-24,26.6,0.0,0.0,42.0,Breezy
1332,2020-08-25,22.5,0.0,0.0,54.0,Galey
1333,2020-08-26,17.7,4.4,0.0,,
1334,2020-08-27,24.1,0.0,0.0,55.0,Galey
1335,2020-08-28,20.4,0.2,0.0,33.0,Breezy
1336,2020-08-29,21.6,1.8,0.0,68.0,Galey
1337,2020-08-30,18.8,0.0,0.0,35.0,Breezy
1338,2020-08-31,19.9,0.0,0.0,39.0,Breezy
1339,2020-09-01,23.4,10.4,0.0,39.0,Breezy
1340,2020-09-02,23.1,1.6,0.0,58.0,Galey
1341,2020-09-03,21.8,2.0,0.0,59.0,Galey
1342,2020-09-04,17.7,0.2,0.0,59.0,Galey
1343,2020-09-05,16.3,0.0,0.0,35.0,Breezy
1344,2020-09-06,15.7,0.0,0.0,32.0,Breezy
1345,2020-09-07,20.4,5.2,0.0,63.0,Galey
1346,2020-09-08,15.5,0.0,0.0,,
1347,2020-09-09,16.1,0.0,0.0,,
1348,2020-09-10,16.4,0.0,0.0,41.0,Breezy
1349,2020-09-11,14.6,0.0,0.0,,
1350,2020-09-12,15.9,0.0,0.0,33.0,Breezy
1351,2020-09-13,20.0,3.8,0.0,59.0,Galey
1352,2020-09-14,12.1,0.0,0.0,45.0,Breezy
1353,2020-09-15,12.4,0.0,0.0,33.0,Breezy
1354,2020-09-16,19.8,0.0,0.0,42.0,Breezy
1355,2020-09-17,13.4,0.0,0.0,41.0,Breezy
1356,2020-09-18,10.6,0.0,0.0,50.0,Galey
1357,2020-09-19,8.8,0.0,0.0,32.0,Breezy
1358,2020-09-20,13.0,0.0,0.0,35.0,Breezy
1359,2020-09-21,11.8,0.0,0.0,32.0,Breezy
1360,2020-09-22,14.1,0.0,0.0,,
1361,2020-09-23,19.9,0.0,0.0,41.0,Breezy
1362,2020-09-24,18.5,2.0,0.0,35.0,Breezy
1363,2020-09-25,19.3,0.0,0.0,,
1364,2020-09-26,19.0,0.0,0.0,39.0,Breezy
1365,2020-09-27,23.4,0.0,0.0,42.0,Breezy
1366,2020-09-28,20.7,8.4,0.0,54.0,Galey
1367,2020-09-29,15.9,2.2,0.0,41.0,Breezy
1368,2020-09-30,14.6,5.0,0.0,61.0,Galey
1369,2020-10-01,13.1,0.0,0.0,48.0,Breezy
1370,2020-10-02,10.5,0.0,0.0,35.0,Breezy
1371,2020-10-03,8.2,4.0,0.0,,
1372,2020-10-04,8.6,3.2,0.0,,
1373,2020-10-05,11.2,0.0,0.0,,
1374,2020-10-06,13.7,0.0,0.0,52.0,Galey
1375,2020-10-07,13.9,2.6,0.0,84.0,Galey
1376,2020-10-08,10.9,0.8,0.0,59.0,Galey
1377,2020-10-09,10.6,0.0,0.0,35.0,Breezy
1378,2020-10-10,15.0,0.4,0.0,50.0,Galey
1379,2020-10-11,8.6,0.0,0.0,41.0,Breezy
1380,2020-10-12,12.0,0.2,0.0,39.0,Breezy
1381,2020-10-13,14.1,7.8,0.0,46.0,Breezy
1382,2020-10-14,11.9,0.0,0.0,35.0,Breezy
1383,2020-10-15,12.1,11.6,0.0,58.0,Galey
1384,2020-10-16,7.4,0.0,0.0,41.0,Breezy
1385,2020-10-17,8.1,0.0,0.0,39.0,Breezy
1386,2020-10-18,10.3,2.0,0.0,46.0,Breezy
1387,2020-10-19,7.0,8.6,0.0,33.0,Breezy
1388,2020-10-20,8.8,1.2,0.0,33.0,Breezy
1389,2020-10-21,12.2,5.0,0.0,55.0,Galey
1390,2020-10-22,10.4,2.0,0.0,32.0,Breezy
1391,2020-10-23,16.5,2.6,0.0,63.0,Galey
1392,2020-10-24,5.5,0.0,0.0,55.0,Galey
1393,2020-10-25,4.1,0.0,0.0,35.0,Breezy
1394,2020-10-26,5.3,1.6,0.0,,
1395,2020-10-27,4.4,5.2,0.0,,
1396,2020-10-28,7.1,0.0,0.0,45.0,Breezy
1397,2020-10-29,6.5,1.6,0.0,39.0,Breezy
1398,2020-10-30,-1.0,0.0,0.0,33.0,Breezy
1399,2020-10-31,0.7,0.0,0.0,35.0,Breezy
1400,2020-11-01,5.6,2.2,1.0,76.0,Galey
1401,2020-11-02,2.6,0.0,0.0,81.0,Galey
1402,2020-11-03,5.5,0.0,0.0,52.0,Galey
1403,2020-11-04,10.7,0.0,0.0,45.0,Breezy
1404,2020-11-05,15.3,0.0,0.0,35.0,Breezy
1405,2020-11-06,15.0,0.0,0.0,35.0,Breezy
1406,2020-11-07,15.2,0.0,0.0,35.0,Breezy
1407,2020-11-08,13.2,0.0,0.0,,
1408,2020-11-09,13.2,0.0,0.0,,
1409,2020-11-10,16.1,0.0,0.0,35.0,Breezy
1410,2020-11-11,11.9,0.6,0.0,46.0,Breezy
1411,2020-11-12,6.8,0.0,0.0,,
1412,2020-11-13,6.2,0.0,0.0,46.0,Breezy
1413,2020-11-14,3.9,0.0,0.0,39.0,Breezy
1414,2020-11-15,8.2,10.4,0.0,91.0,Stormy
1415,2020-11-16,2.6,0.2,0.0,68.0,Galey
1416,2020-11-17,-1.2,0.0,0.6,74.0,Galey
1417,2020-11-18,-2.4,0.0,0.0,,
1418,2020-11-19,8.3,0.0,0.0,59.0,Galey
1419,2020-11-20,12.0,0.0,0.0,52.0,Galey
1420,2020-11-21,3.2,0.0,0.0,42.0,Breezy
1421,2020-11-22,0.5,0.0,19.4,41.0,Breezy
1422,2020-11-23,-0.4,0.0,0.0,41.0,Breezy
1423,2020-11-24,0.2,0.0,1.0,37.0,Breezy
1424,2020-11-25,4.8,6.8,0.0,,
1425,2020-11-26,9.3,1.2,0.0,41.0,Breezy
1426,2020-11-27,6.4,0.0,0.0,,
1427,2020-11-28,4.4,0.0,0.0,41.0,Breezy
1428,2020-11-29,5.8,0.0,0.0,39.0,Breezy
1429,2020-11-30,2.3,20.6,1.4,58.0,Galey
1430,2020-12-01,-1.2,0.0,9.8,55.0,Galey
1431,2020-12-02,1.2,0.025,9.100000000000001,52.0,Galey
1432,2020-12-03,1.3,0.05,8.4,46.0,Breezy
1433,2020-12-04,1.6,0.07500000000000001,7.700000000000001,32.0,Breezy
1434,2020-12-05,-1.4,0.1,7.0,48.0,Breezy
1435,2020-12-06,-2.8,0.125,6.300000000000001,39.0,Breezy
1436,2020-12-07,-2.7,0.15000000000000002,5.6000000000000005,45.0,Breezy
1437,2020-12-08,-2.4,0.17500000000000002,4.9,39.0,Breezy
1438,2020-12-09,2.3,0.2,4.2,42.0,Breezy
1439,2020-12-10,3.4,0.0,0.0,,
1440,2020-12-11,5.1,0.0,0.0,,
1441,2020-12-12,6.3,8.0,0.0,46.0,Breezy
1442,2020-12-13,2.3,0.0,0.0,54.0,Galey
1443,2020-12-14,-0.4,0.0,0.0,59.0,Galey
1444,2020-12-15,-5.1,0.0,0.2,37.0,Breezy
1445,2020-12-16,-7.2,0.0,1.4,52.0,Galey
1446,2020-12-17,-5.4,0.0,0.6,,
1447,2020-12-18,-5.5,0.0,0.0,,
1448,2020-12-19,0.3,0.4,1.8,,
1449,2020-12-20,2.3,1.2,0.0,48.0,Breezy
1450,2020-12-21,1.5,0.2,0.0,,
1451,2020-12-22,1.0,0.0,0.0,61.0,Galey
1452,2020-12-23,3.4,1.8,0.0,39.0,Breezy
1453,2020-12-24,3.4,6.8,4.4,50.0,Galey
1454,2020-12-25,-2.9,0.0,8.6,58.0,Galey
1455,2020-12-26,-4.0,0.0,1.6,54.0,Galey
1456,2020-12-27,-0.6,0.8,0.2,41.0,Breezy
1457,2020-12-28,0.4,5.0,0.2,67.0,Galey
1458,2020-12-29,-3.4,0.0,0.0,37.0,Breezy
1459,2020-12-30,0.7,1.6,1.6,59.0,Galey
1460,2020-12-31,-0.8,0.0,0.0,54.0,Galey
1461,2021-01-01,-1.3,5.4,3.0,46.0,Breezy
1462,2021-01-02,-0.7,3.8,4.0,42.0,Breezy
1463,2021-01-03,0.2,0.0,1.4,,
1464,2021-01-04,0.2,0.0,0.0,,
1465,2021-01-05,0.5,0.0,0.2,,
1466,2021-01-06,0.4,0.0,0.2,46.0,Breezy
1467,2021-01-07,-3.9,0.0,0.0,39.0,Breezy
1468,2021-01-08,-6.4,0.0,0.0,35.0,Breezy
1469,2021-01-09,-0.5,0.0,0.0,33.0,Breezy
1470,2021-01-10,-1.9,0.0,0.0,,
1471,2021-01-11,-3.0,0.0,0.0,41.0,Breezy
1472,2021-01-12,-1.7,0.0,0.0,32.0,Breezy
1473,2021-01-13,0.9,0.0,0.0,39.0,Breezy
1474,2021-01-14,1.9,0.0,0.0,33.0,Breezy
1475,2021-01-15,3.4,5.0,0.0,48.0,Breezy
1476,2021-01-16,1.1,0.0,0.0,48.0,Breezy
1477,2021-01-17,0.8,0.0,0.6,48.0,Breezy
1478,2021-01-18,-1.9,0.0,0.0,45.0,Breezy
1479,2021-01-19,-3.45,0.0,0.6,58.0,Galey
1480,2021-01-20,-5.0,0.0,0.0,45.0,Breezy
1481,2021-01-21,0.7,0.0,0.2,46.0,Breezy
1482,2021-01-22,-3.4,0.0,0.4,58.0,Galey
1483,2021-01-23,-8.7,0.0,0.0,48.0,Breezy
1484,2021-01-24,-5.0,0.0,0.0,,
1485,2021-01-25,-0.9,0.0,0.0,,
1486,2021-01-26,-2.6,0.2,9.2,50.0,Galey
1487,2021-01-27,-6.8,0.0,0.0,35.0,Breezy
1488,2021-01-28,-10.8,0.0,0.0,58.0,Galey
1489,2021-01-29,-10.9,0.0,0.2,41.0,Breezy
1490,2021-01-30,-8.0,0.0,0.0,,
1491,2021-01-31,-7.9,0.0,0.0,46.0,Breezy
1492,2021-02-01,-7.5,0.0,0.0,33.0,Breezy
1493,2021-02-02,-5.3,0.0,0.0,67.0,Galey
1494,2021-02-03,-2.9,0.0,0.0,61.0,Galey
1495,2021-02-04,-1.5,0.0,1.4,42.0,Breezy
1496,2021-02-05,-3.2,2.8,2.4,65.0,Galey
1497,2021-02-06,-7.7,0.0,0.0,61.0,Galey
1498,2021-02-07,-9.8,0.0,0.6,46.0,Breezy
1499,2021-02-08,-10.0,0.0,0.4,,
1500,2021-02-09,-7.1,0.0,1.2,,
1501,2021-02-10,-9.3,0.0,0.0,,
1502,2021-02-11,-8.0,0.0,0.0,35.0,Breezy
1503,2021-02-12,-11.3,0.0,2.2,,
1504,2021-02-13,-11.5,0.0,4.8,,
1505,2021-02-14,-9.4,0.0,0.4,,
1506,2021-02-15,-7.0,0.0,3.2,46.0,Breezy
1507,2021-02-16,-11.2,0.0,8.8,54.0,Galey
1508,2021-02-17,-9.1,0.0,8.466666666666667,,
1509,2021-02-18,-7.0,0.0,8.133333333333333,,
1510,2021-02-19,-4.9,0.0,7.8,,
1511,2021-02-20,-6.6,0.0,0.4,50.0,Galey
1512,2021-02-21,-7.0,0.0,0.0,,
1513,2021-02-22,0.6,0.6,5.4,59.0,Galey
1514,2021-02-23,1.8,0.0,0.2,50.0,Galey
1515,2021-02-24,3.9,0.0,0.0,67.0,Galey
1516,2021-02-25,-1.4,0.0,0.0,54.0,Galey
1517,2021-02-26,-1.6,0.0,0.0,,
1518,2021-02-27,2.6,6.2,0.0,52.0,Galey
1519,2021-02-28,2.4,1.0,0.0,46.0,Breezy
1520,2021-03-01,-2.2,0.0,0.0,84.0,Galey
1521,2021-03-02,-6.7,0.0,0.0,45.0,Breezy
1522,2021-03-03,2.2,0.0,0.0,39.0,Breezy
1523,2021-03-04,-3.6,0.0,0.0,58.0,Galey
1524,2021-03-05,-4.4,0.0,0.0,67.0,Galey
1525,2021-03-06,-4.7,0.0,0.0,48.0,Breezy
1526,2021-03-07,-5.4,0.0,0.0,,
1527,2021-03-08,0.2,0.0,0.2,37.0,Breezy
1528,2021-03-09,4.2,0.0,0.0,,
1529,2021-03-10,6.5,0.0,0.0,37.0,Breezy
1530,2021-03-11,12.4,2.0,0.0,85.0,Galey
1531,2021-03-12,3.3,0.0,0.0,76.0,Galey
1532,2021-03-13,-0.7,0.0,0.0,48.0,Breezy
1533,2021-03-14,-1.3,0.0,0.0,74.0,Galey
1534,2021-03-15,-5.0,0.0,0.0,37.0,Breezy
1535,2021-03-16,0.8,0.0,0.0,43.0,Breezy
1536,2021-03-17,5.1,0.0,0.0,,
1537,2021-03-18,2.3,0.4,0.0,55.0,Galey
1538,2021-03-19,-0.8,0.0,0.0,37.0,Breezy
1539,2021-03-20,6.3,0.0,0.0,33.0,Breezy
1540,2021-03-21,6.5,0.0,0.0,,
1541,2021-03-22,7.6,0.0,0.0,,
1542,2021-03-23,8.2,0.0,0.0,,
1543,2021-03-24,12.1,0.8,0.0,31.0,Breezy
1544,2021-03-25,14.5,1.0,0.0,41.0,Breezy
1545,2021-03-26,6.9,34.6,0.0,72.0,Galey
1546,2021-03-27,5.8,0.2,0.0,,
1547,2021-03-28,6.2,6.2,0.0,74.0,Galey
1548,2021-03-29,3.2,0.0,0.0,61.0,Galey
1549,2021-03-30,10.4,0.0,0.0,64.0,Galey
1550,2021-03-31,7.4,0.0,0.0,49.0,Breezy
1551,2021-04-01,-0.2,0.0,0.0,63.0,Galey
1552,2021-04-02,0.3,0.0,0.0,54.0,Galey
1553,2021-04-03,2.2,0.0,0.0,55.0,Galey
1554,2021-04-04,6.8,0.0,0.0,,
1555,2021-04-05,7.8,0.0,0.0,,
1556,2021-04-06,8.0,0.0,0.0,,
1557,2021-04-07,11.1,0.0,0.0,35.0,Breezy
1558,2021-04-08,14.6,0.0,0.0,48.0,Breezy
1559,2021-04-09,15.6,0.2,0.0,31.0,Breezy
1560,2021-04-10,15.4,0.2,0.0,35.0,Breezy
1561,2021-04-11,13.5,13.4,0.0,47.0,Breezy
1562,2021-04-12,9.2,6.2,0.0,40.0,Breezy
1563,2021-04-13,10.2,0.0,0.0,,
1564,2021-04-14,10.3,0.6,0.0,41.0,Breezy
1565,2021-04-15,6.3,1.8,0.0,37.0,Breezy
1566,2021-04-16,7.4,0.4,0.0,42.0,Breezy
1567,2021-04-17,7.6,0.2,0.0,,
1568,2021-04-18,9.0,0.6,0.0,40.0,Breezy
1569,2021-04-19,9.4,1.6,0.0,57.0,Galey
1570,2021-04-20,2.1,0.0,0.8,49.0,Breezy
1571,2021-04-21,1.1,0.0,3.4,52.0,Galey
1572,2021-04-22,1.4,0.0,0.2,60.0,Galey
1573,2021-04-23,8.8,0.0,0.0,58.0,Galey
1574,2021-04-24,11.7,0.0,0.0,35.0,Breezy
1575,2021-04-25,6.2,1.0,0.0,58.0,Galey
1576,2021-04-26,4.3,1.2,0.0,41.0,Breezy
1577,2021-04-27,9.1,3.6,0.0,,
1578,2021-04-28,12.8,6.6,0.0,,
1579,2021-04-29,9.3,13.8,0.0,41.0,Breezy
1580,2021-04-30,6.3,0.0,0.0,80.0,Galey
1581,2021-05-01,7.5,0.0,0.0,54.0,Galey
1582,2021-05-02,12.0,0.0,0.0,,
1583,2021-05-03,10.5,2.4,0.0,45.0,Breezy
1584,2021-05-04,9.9,3.4,0.0,37.0,Breezy
1585,2021-05-05,8.3,1.2,0.0,47.0,Breezy
1586,2021-05-06,8.3,0.0,0.0,36.0,Breezy
1587,2021-05-07,5.9,0.0,0.0,,
1588,2021-05-08,8.9,0.0,0.0,45.0,Breezy
1589,2021-05-09,6.7,0.0,0.0,31.0,Breezy
1590,2021-05-10,7.7,0.0,0.0,51.0,Galey
1591,2021-05-11,5.6,0.0,0.0,55.0,Galey
1592,2021-05-12,11.2,0.0,0.0,48.0,Breezy
1593,2021-05-13,13.4,0.0,0.0,40.0,Breezy
1594,2021-05-14,13.9,0.0,0.0,36.0,Breezy
1595,2021-05-15,14.2,0.0,0.0,43.0,Breezy
1596,2021-05-16,15.6,0.0,0.0,32.0,Breezy
1597,2021-05-17,16.1,0.0,0.0,31.0,Breezy
1598,2021-05-18,20.2,0.0,0.0,33.0,Breezy
1599,2021-05-19,20.2,0.0,0.0,,
1600,2021-05-20,23.2,0.0,0.0,,
1601,2021-05-21,23.7,0.0,0.0,41.0,Breezy
1602,2021-05-22,23.5,0.0,0.0,42.0,Breezy
1603,2021-05-23,19.7,0.0,0.0,44.0,Breezy
1604,2021-05-24,16.8,0.0,0.0,,
1605,2021-05-25,23.4,0.0,0.0,58.0,Galey
1606,2021-05-26,17.7,0.6,0.0,56.0,Galey
1607,2021-05-27,13.4,0.0,0.0,39.0,Breezy
1608,2021-05-28,6.0,14.0,0.2,42.0,Breezy
1609,2021-05-29,9.8,0.0,0.0,42.0,Breezy
1610,2021-05-30,12.7,0.0,0.0,41.0,Breezy
1611,2021-05-31,15.7,0.0,0.0,40.0,Breezy
1612,2021-06-01,20.1,0.0,0.0,48.0,Breezy
1613,2021-06-02,19.1,4.4,0.0,,
1614,2021-06-03,18.5,2.6,0.0,,
1615,2021-06-04,22.0,0.0,0.0,37.0,Breezy
1616,2021-06-05,26.1,0.0,0.0,60.0,Galey
1617,2021-06-06,26.7,0.0,0.0,47.0,Breezy
1618,2021-06-07,25.7,0.0,0.0,45.0,Breezy
1619,2021-06-08,23.7,10.2,0.0,,
1620,2021-06-09,24.5,0.0,0.0,,
1621,2021-06-10,21.5,0.0,0.0,36.0,Breezy
1622,2021-06-11,21.3,0.0,0.0,31.0,Breezy
1623,2021-06-12,21.3,0.0,0.0,31.0,Breezy
1624,2021-06-13,22.9,0.0,0.0,41.0,Breezy
1625,2021-06-14,20.3,2.8,0.0,47.0,Breezy
1626,2021-06-15,17.7,0.0,0.0,55.0,Galey
1627,2021-06-16,16.4,0.0,0.0,45.0,Breezy
1628,2021-06-17,17.8,0.0,0.0,39.0,Breezy
1629,2021-06-18,21.5,5.4,0.0,49.0,Breezy
1630,2021-06-19,23.2,0.0,0.0,50.0,Galey
1631,2021-06-20,20.6,0.2,0.0,,
1632,2021-06-21,20.7,5.8,0.0,68.0,Galey
1633,2021-06-22,14.8,0.0,0.0,44.0,Breezy
1634,2021-06-23,16.3,0.0,0.0,40.0,Breezy
1635,2021-06-24,22.0,0.0,0.0,53.0,Galey
1636,2021-06-25,22.3,16.4,0.0,31.0,Breezy
1637,2021-06-26,23.3,5.6,0.0,51.0,Galey
1638,2021-06-27,27.5,0.0,0.0,58.0,Galey
1639,2021-06-28,27.0,3.0,0.0,42.0,Breezy
1640,2021-06-29,26.8,23.2,0.0,64.0,Galey
1641,2021-06-30,23.4,0.4,0.0,58.0,Galey
1642,2021-07-01,21.3,0.0,0.0,45.0,Breezy
1643,2021-07-02,20.2,24.4,0.0,44.0,Breezy
1644,2021-07-03,19.8,0.0,0.0,,
1645,2021-07-04,20.6,0.0,0.0,,
1646,2021-07-05,25.5,0.0,0.0,44.0,Breezy
1647,2021-07-06,27.5,0.0,0.0,58.0,Galey
1648,2021-07-07,20.4,9.8,0.0,36.0,Breezy
1649,2021-07-08,16.9,29.0,0.0,,
1650,2021-07-09,17.7,0.0,0.0,39.0,Breezy
1651,2021-07-10,18.3,0.0,0.0,,
1652,2021-07-11,18.6,1.4,0.0,,
1653,2021-07-12,21.9,0.0,0.0,36.0,Breezy
1654,2021-07-13,23.3,8.8,0.0,39.0,Breezy
1655,2021-07-14,24.4,0.0,0.0,,
1656,2021-07-15,24.9,6.4,0.0,61.0,Galey
1657,2021-07-16,21.6,0.0,0.0,,
1658,2021-07-17,20.4,3.4,0.0,35.0,Breezy
1659,2021-07-18,23.8,0.0,0.0,39.0,Breezy
1660,2021-07-19,24.2,0.0,0.0,39.0,Breezy
1661,2021-07-20,22.049999999999997,0.0,0.0,56.0,Galey
1662,2021-07-21,19.9,0.0,0.0,41.0,Breezy
1663,2021-07-22,19.8,0.0,0.0,33.0,Breezy
1664,2021-07-23,20.4,0.0,0.0,45.0,Breezy
1665,2021-07-24,20.5,19.2,0.0,40.0,Breezy
1666,2021-07-25,24.2,0.0,0.0,41.0,Breezy
1667,2021-07-26,23.5,0.0,0.0,44.0,Breezy
1668,2021-07-27,21.4,5.6,0.0,45.0,Breezy
1669,2021-07-28,20.5,0.0,0.0,,
1670,2021-07-29,22.8,11.4,0.0,38.0,Breezy
1671,2021-07-30,16.7,0.0,0.0,50.0,Galey
1672,2021-07-31,16.3,1.0,0.0,32.0,Breezy
1673,2021-08-01,17.65,0.5,0.0,38.0,Breezy
1674,2021-08-02,19.0,0.0,0.0,32.0,Breezy
1675,2021-08-03,20.5,0.0,0.0,35.0,Breezy
1676,2021-08-04,21.5,0.0,0.0,,
1677,2021-08-05,21.3,0.0,0.0,,
1678,2021-08-06,23.6,0.0,0.0,40.0,Breezy
1679,2021-08-07,23.7,20.4,0.0,,
1680,2021-08-08,23.4,0.6,0.0,,
1681,2021-08-09,26.5,0.0,0.0,39.0,Breezy
1682,2021-08-10,25.9,1.0,0.0,37.0,Breezy
1683,2021-08-11,27.2,0.4,0.0,56.0,Galey
1684,2021-08-12,26.0,1.2,0.0,41.0,Breezy
1685,2021-08-13,24.9,0.0,0.0,36.0,Breezy
1686,2021-08-14,20.3,0.0,0.0,37.0,Breezy
1687,2021-08-15,18.4,0.0,0.0,32.0,Breezy
1688,2021-08-16,19.8,0.0,0.0,33.0,Breezy
1689,2021-08-17,24.2,0.0,0.0,,
1690,2021-08-18,24.1,0.6,0.0,,
1691,2021-08-19,25.9,0.0,0.0,35.0,Breezy
1692,2021-08-20,24.7,0.0,0.0,,
1693,2021-08-21,26.2,0.0,0.0,,
1694,2021-08-22,25.8,0.0,0.0,33.0,Breezy
1695,2021-08-23,26.8,0.0,0.0,34.0,Breezy
1696,2021-08-24,26.5,0.0,0.0,53.0,Galey
1697,2021-08-25,27.3,0.0,0.0,35.0,Breezy
1698,2021-08-26,27.1,6.4,0.0,55.0,Galey
1699,2021-08-27,23.4,0.0,0.0,39.0,Breezy
1700,2021-08-28,23.4,23.6,0.0,64.0,Galey
1701,2021-08-29,26.6,3.2,0.0,44.0,Breezy
1702,2021-08-30,23.4,0.0,0.0,47.0,Breezy
1703,2021-08-31,21.1,0.0,0.0,39.0,Breezy
1704,2021-09-01,19.9,0.0,0.0,41.0,Breezy
1705,2021-09-02,16.9,0.0,0.0,50.0,Galey
1706,2021-09-03,18.0,0.0,0.0,,
1707,2021-09-04,19.2,4.8,0.0,32.0,Breezy
1708,2021-09-05,20.8,2.2,0.0,55.0,Galey
1709,2021-09-06,18.5,3.8,0.0,66.0,Galey
1710,2021-09-07,19.3,28.2,0.0,65.0,Galey
1711,2021-09-08,20.0,19.6,0.0,52.0,Galey
1712,2021-09-09,17.2,0.0,0.0,45.0,Breezy
1713,2021-09-10,17.9,0.0,0.0,44.0,Breezy
1714,2021-09-11,19.5,0.0,0.0,59.0,Galey
1715,2021-09-12,19.8,3.0,0.0,37.0,Breezy
1716,2021-09-13,17.9,0.0,0.0,34.0,Breezy
1717,2021-09-14,22.0,25.2,0.0,67.0,Galey
1718,2021-09-15,18.6,0.0,0.0,,
1719,2021-09-16,18.0,0.0,0.0,,
1720,2021-09-17,19.8,0.0,0.0,,
1721,2021-09-18,18.0,0.0,0.0,40.0,Breezy
1722,2021-09-19,15.7,0.0,0.0,,
1723,2021-09-20,16.8,0.0,0.0,,
1724,2021-09-21,22.2,4.8,0.0,48.0,Breezy
1725,2021-09-22,15.8,56.0,0.0,60.0,Galey
1726,2021-09-23,15.7,1.8,0.0,50.0,Galey
1727,2021-09-24,13.8,0.0,0.0,41.0,Breezy
1728,2021-09-25,14.8,4.6,0.0,50.0,Galey
1729,2021-09-26,13.7,3.0,0.0,40.0,Breezy
1730,2021-09-27,19.3,1.0,0.0,45.0,Breezy
1731,2021-09-28,13.0,0.0,0.0,40.0,Breezy
1732,2021-09-29,14.7,0.0,0.0,37.0,Breezy
1733,2021-09-30,12.5,0.0,0.0,,
1734,2021-10-01,14.0,0.0,0.0,,
1735,2021-10-02,19.4,0.2,0.0,35.0,Breezy
1736,2021-10-03,17.7,20.6,0.0,34.0,Breezy
1737,2021-10-04,15.2,3.4,0.0,,
1738,2021-10-05,16.2,0.0,0.0,,
1739,2021-10-06,16.3,0.0,0.0,,
1740,2021-10-07,17.4,0.0,0.0,,
1741,2021-10-08,17.5,0.0,0.0,,
1742,2021-10-09,18.5,11.0,0.0,,
1743,2021-10-10,18.6,0.8,0.0,,
1744,2021-10-11,19.5,0.0,0.0,,
1745,2021-10-12,19.4,0.0,0.0,35.0,Breezy
1746,2021-10-13,18.2,0.0,0.0,39.0,Breezy
1747,2021-10-14,17.4,1.8,0.0,,
1748,2021-10-15,16.9,8.4,0.0,33.0,Breezy
1749,2021-10-16,11.6,2.8,0.0,63.0,Galey
1750,2021-10-17,11.1,0.0,0.0,58.0,Galey
1751,2021-10-18,9.2,1.4,0.0,39.0,Breezy
1752,2021-10-19,12.6,0.0,0.0,43.0,Breezy
1753,2021-10-20,14.8,0.4,0.0,36.0,Breezy
1754,2021-10-21,12.9,3.0,0.0,55.0,Galey
1755,2021-10-22,6.8,0.0,0.0,51.0,Galey
1756,2021-10-23,6.2,0.0,0.0,,
1757,2021-10-24,7.8,2.0,0.0,,
1758,2021-10-25,6.8,18.2,0.0,47.0,Breezy
1759,2021-10-26,6.3,8.4,0.0,55.0,Galey
1760,2021-10-27,11.7,0.0,0.0,,
1761,2021-10-28,7.6,0.0,0.0,41.0,Breezy
1762,2021-10-29,11.0,10.2,0.0,48.0,Breezy
1763,2021-10-30,8.8,9.0,0.0,40.0,Breezy
1764,2021-10-31,11.0,0.2,0.0,54.0,Galey
1765,2021-11-01,6.7,0.0,0.0,59.0,Galey
1766,2021-11-02,4.5,0.0,0.0,49.0,Breezy
1767,2021-11-03,3.0,0.0,0.0,33.0,Breezy
1768,2021-11-04,3.8,0.0,0.0,,
1769,2021-11-05,3.5,0.0,0.0,,
1770,2021-11-06,5.9,0.0,0.0,32.0,Breezy
1771,2021-11-07,9.3,0.0,0.0,38.0,Breezy
1772,2021-11-08,11.2,0.0,0.0,40.0,Breezy
1773,2021-11-09,10.4,2.6,0.0,,
1774,2021-11-10,7.3,0.0,0.0,33.0,Breezy
1775,2021-11-11,9.8,0.6,0.0,47.0,Breezy
1776,2021-11-12,8.5,0.4,0.0,57.0,Galey
1777,2021-11-13,5.1,0.0,0.0,48.0,Breezy
1778,2021-11-14,2.9,6.8,1.4,39.0,Breezy
1779,2021-11-15,2.8,0.2,0.2,42.0,Breezy
1780,2021-11-16,2.5,0.0,0.0,43.0,Breezy
1781,2021-11-17,9.6,0.6,0.0,61.0,Galey
1782,2021-11-18,8.1,0.2,0.0,59.0,Galey
1783,2021-11-19,2.8,0.0,0.0,46.0,Breezy
1784,2021-11-20,3.1,0.0,0.0,36.0,Breezy
1785,2021-11-21,4.6,5.0,0.0,69.0,Galey
1786,2021-11-22,0.5,0.0,0.0,63.0,Galey
1787,2021-11-23,-0.3,0.0,0.0,40.0,Breezy
1788,2021-11-24,3.0,0.6,0.0,,
1789,2021-11-25,5.6,5.8,0.0,40.0,Breezy
1790,2021-11-26,0.6,0.0,0.0,64.0,Galey
1791,2021-11-27,-1.0,0.0,0.2,39.0,Breezy
1792,2021-11-28,-2.5,0.0,11.0,,
1793,2021-11-29,-3.9,0.0,0.4,,
1794,2021-11-30,-1.1,0.4,1.8,44.0,Breezy
1795,2021-12-01,2.1,0.0,0.0,39.0,Breezy
1796,2021-12-02,5.9,1.0,0.0,67.0,Galey
1797,2021-12-03,0.5,0.0,0.0,53.0,Galey
1798,2021-12-04,2.3,0.0,0.0,59.0,Galey
1799,2021-12-05,0.2,15.6,2.4,55.0,Galey
1800,2021-12-06,4.4,1.4,0.6,84.0,Galey
1801,2021-12-07,-4.4,0.0,0.2,42.0,Breezy
1802,2021-12-08,-3.8,0.0,2.6,35.0,Breezy
1803,2021-12-09,-0.2999999999999998,0.0,1.8,37.0,Breezy
1804,2021-12-10,3.2,0.0,0.0,31.0,Breezy
1805,2021-12-11,9.5,21.6,0.0,96.0,Stormy
1806,2021-12-12,3.1,0.0,0.0,60.0,Galey
1807,2021-12-13,5.9,0.0,0.0,46.0,Breezy
1808,2021-12-14,3.8,0.0,0.0,44.0,Breezy
1809,2021-12-15,8.3,0.6,0.0,38.0,Breezy
1810,2021-12-16,10.4,0.0,0.0,94.0,Stormy
1811,2021-12-17,2.4,0.0,0.0,53.0,Galey
1812,2021-12-18,-1.6,0.0,9.0,40.0,Breezy
1813,2021-12-19,-0.7000000000000001,0.0,0.0,32.0,Breezy
1814,2021-12-20,0.19999999999999996,0.0,0.0,46.0,Breezy
1815,2021-12-21,1.1,0.0,0.0,35.0,Breezy
1816,2021-12-22,-0.3,0.0,0.6,69.0,Galey
1817,2021-12-23,-3.6,0.0,5.4,33.0,Breezy
1818,2021-12-24,1.1,0.0,0.4,32.0,Breezy
1819,2021-12-25,4.7,3.6,0.0,48.0,Breezy
1820,2021-12-26,-1.2,0.0,0.0,37.0,Breezy
1821,2021-12-27,-3.1,0.0,4.6,48.0,Breezy
1822,2021-12-28,0.9,0.0,0.2,57.0,Galey
1823,2021-12-29,1.0,0.2,0.0,,
1824,2021-12-30,1.1,0.0,0.0,,
1825,2021-12-31,4.3,0.0,0.0,,
1826,2022-01-01,0.7,0.2,2.8,46.0,Breezy
1827,2022-01-02,-7.6,0.0,2.6,52.0,Galey
1828,2022-01-03,-10.9,0.0,0.0,,
1829,2022-01-04,-2.7,0.0,0.0,33.0,Breezy
1830,2022-01-05,-0.9,0.8,0.0,68.0,Galey
1831,2022-01-06,-3.0,0.0,0.0,48.0,Breezy
1832,2022-01-07,-5.1000000000000005,0.0,0.0,52.0,Galey
1833,2022-01-08,-7.2,0.0,0.0,39.0,Breezy
1834,2022-01-09,-2.2,0.0,0.0,64.0,Galey
1835,2022-01-10,-12.8,0.0,0.2,62.0,Galey
1836,2022-01-11,-12.5,0.0,0.2,42.0,Breezy
1837,2022-01-12,-1.0,0.0,0.0,45.0,Breezy
1838,2022-01-13,-1.4,0.0,0.0,,
1839,2022-01-14,-10.4,0.0,0.0,43.0,Breezy
1840,2022-01-15,-17.1,0.0,0.0,37.0,Breezy
1841,2022-01-16,-8.5,0.0,5.2,36.0,Breezy
1842,2022-01-17,-4.4,0.0,29.2,,
1843,2022-01-18,-6.3,0.0,1.2,43.0,Breezy
1844,2022-01-19,-2.6,0.0,0.0,64.0,Galey
1845,2022-01-20,-13.8,0.0,0.0,40.0,Breezy
1846,2022-01-21,-14.9,0.0,0.0,,
1847,2022-01-22,-11.7,0.0,0.4,44.0,Breezy
1848,2022-01-23,-11.5,0.0,0.0,39.0,Breezy
1849,2022-01-24,-11.6,0.0,5.6,37.0,Breezy
1850,2022-01-25,-11.4,0.0,0.0,40.0,Breezy
1851,2022-01-26,-10.15,0.0,0.0,,
1852,2022-01-27,-8.9,0.0,0.4,41.0,Breezy
1853,2022-01-28,-11.2,0.0,0.0,50.0,Galey
1854,2022-01-29,-16.4,0.0,0.0,,
1855,2022-01-30,-9.9,0.0,0.0,31.0,Breezy
1856,2022-01-31,-4.0,0.0,0.0,,
1857,2022-02-01,-2.2,0.0,0.0,42.0,Breezy
1858,2022-02-02,0.8,5.4,8.0,47.0,Breezy
1859,2022-02-03,-6.8,0.0,7.2,44.0,Breezy
1860,2022-02-04,-12.3,0.0,0.4,37.0,Breezy
1861,2022-02-05,-11.3,0.0,0.0,,
1862,2022-02-06,-3.7,0.0,0.0,46.0,Breezy
1863,2022-02-07,-3.35,0.0,0.0,36.0,Breezy
1864,2022-02-08,-3.0,0.0,0.0,42.0,Breezy
1865,2022-02-09,0.3,0.0,0.0,46.0,Breezy
1866,2022-02-10,1.0,0.0,0.0,48.0,Breezy
1867,2022-02-11,1.1,4.8,0.2,48.0,Breezy
1868,2022-02-12,-5.5,0.8,1.0,60.0,Galey
1869,2022-02-13,-12.9,0.0,0.2,,
1870,2022-02-14,-13.1,0.0,0.0,35.0,Breezy
1871,2022-02-15,-7.3,0.0,0.0,40.0,Breezy
1872,2022-02-16,3.5,0.2,0.0,71.0,Galey
1873,2022-02-17,1.0,26.2,13.4,58.0,Galey
1874,2022-02-18,-7.7,0.0,5.4,56.0,Galey
1875,2022-02-19,-6.7,0.0,4.6,83.0,Galey
1876,2022-02-20,-1.3,0.0,0.0,65.0,Galey
1877,2022-02-21,2.8,0.0,0.0,37.0,Breezy
1878,2022-02-22,4.2,9.4,0.0,67.0,Galey
1879,2022-02-23,-2.1000000000000005,0.0,0.0,68.0,Galey
1880,2022-02-24,-8.4,0.0,0.0,38.0,Breezy
1881,2022-02-25,-9.2,0.0,6.6,51.0,Galey
1882,2022-02-26,-7.8,0.0,0.0,52.0,Galey
1883,2022-02-27,-3.8,0.0,1.0,62.0,Galey
1884,2022-02-28,-8.8,0.0,0.0,34.0,Breezy
1885,2022-03-01,0.7,0.0,0.0,43.0,Breezy
1886,2022-03-02,-1.0,0.0,1.2,67.0,Galey
1887,2022-03-03,-7.5,0.0,0.0,67.0,Galey
1888,2022-03-04,-4.8,0.0,0.0,46.0,Breezy
1889,2022-03-05,-0.3,0.0,0.0,39.0,Breezy
1890,2022-03-06,7.9,2.2,0.0,87.0,Galey
1891,2022-03-07,0.5,3.0,2.6,58.0,Galey
1892,2022-03-08,-0.8,0.0,0.4,39.0,Breezy
1893,2022-03-09,1.3,0.0,0.0,34.0,Breezy
1894,2022-03-10,0.4,0.0,0.0,,
1895,2022-03-11,-2.1,0.0,5.8,37.0,Breezy
1896,2022-03-12,-6.2,0.0,0.2,69.0,Galey
1897,2022-03-13,-5.4,0.0,1.4,48.0,Breezy
1898,2022-03-14,0.9,0.0,0.0,33.0,Breezy
1899,2022-03-15,0.9,0.2,10.0,,
1900,2022-03-16,0.7,0.0,0.0,,
1901,2022-03-17,8.5,0.0,0.0,,
1902,2022-03-18,10.0,0.0,0.0,,
1903,2022-03-19,6.3,5.6,0.0,54.0,Galey
1904,2022-03-20,6.4,0.6,0.0,55.0,Galey
1905,2022-03-21,6.2,0.0,0.0,55.0,Galey
1906,2022-03-22,1.5,0.0,0.0,,
1907,2022-03-23,2.4,19.6,0.8,66.0,Galey
1908,2022-03-24,7.4,0.0,0.0,51.0,Galey
1909,2022-03-25,4.0,0.0,0.0,46.0,Breezy
1910,2022-03-26,2.7,2.0,0.0,62.0,Galey
1911,2022-03-27,-5.2,0.0,1.6,66.0,Galey
1912,2022-03-28,-8.1,0.0,0.2,57.0,Galey
1913,2022-03-29,-3.4,0.0,0.0,34.0,Breezy
1914,2022-03-30,-0.1,2.0,0.6,44.0,Breezy
1915,2022-03-31,10.3,1.0,0.0,85.0,Galey
1916,2022-04-01,0.8,0.2,1.0,60.0,Galey
1917,2022-04-02,1.0,0.0,0.0,,
1918,2022-04-03,2.8,0.2,0.8,42.0,Breezy
1919,2022-04-04,3.2,0.0,0.0,,
1920,2022-04-05,8.3,1.0,0.0,36.0,Breezy
1921,2022-04-06,9.7,6.6,0.0,45.0,Breezy
1922,2022-04-07,9.4,1.6,0.0,39.0,Breezy
1923,2022-04-08,6.1,1.8,0.0,50.0,Galey
1924,2022-04-09,4.5,0.6,0.0,45.0,Breezy
1925,2022-04-10,5.0,0.0,0.0,43.0,Breezy
1926,2022-04-11,7.0,0.0,0.0,33.0,Breezy
1927,2022-04-12,10.5,0.0,0.0,40.0,Breezy
1928,2022-04-13,12.8,3.2,0.0,32.0,Breezy
1929,2022-04-14,9.8,0.6,0.0,63.0,Galey
1930,2022-04-15,8.5,0.8,0.0,86.0,Galey
1931,2022-04-16,5.95,0.4,0.0,,
1932,2022-04-17,3.4,0.0,0.0,43.0,Breezy
1933,2022-04-18,2.8,3.6,6.8,60.0,Galey
1934,2022-04-19,3.7,0.6,0.0,69.0,Galey
1935,2022-04-20,6.1,0.0,0.0,40.0,Breezy
1936,2022-04-21,10.4,6.2,0.0,54.0,Galey
1937,2022-04-22,6.7,0.0,0.0,36.0,Breezy
1938,2022-04-23,9.0,0.8,0.0,48.0,Breezy
1939,2022-04-24,12.1,0.0,0.0,31.0,Breezy
1940,2022-04-25,14.1,10.0,0.0,40.0,Breezy
1941,2022-04-26,6.2,2.8,0.0,46.0,Breezy
1942,2022-04-27,1.2,0.0,0.0,45.0,Breezy
1943,2022-04-28,4.3,0.0,0.0,47.0,Breezy
1944,2022-04-29,7.4,0.0,0.0,36.0,Breezy
1945,2022-04-30,7.3,0.0,0.0,,
1946,2022-05-01,8.9,2.0,0.0,46.0,Breezy
1947,2022-05-02,10.7,0.2,0.0,,
1948,2022-05-03,11.1,13.0,0.0,32.0,Breezy
1949,2022-05-04,11.5,8.6,0.0,42.0,Breezy
1950,2022-05-05,9.7,0.0,0.0,,
1951,2022-05-06,12.5,0.0,0.0,46.0,Breezy
1952,2022-05-07,10.3,0.0,0.0,40.0,Breezy
1953,2022-05-08,10.7,0.0,0.0,48.0,Breezy
1954,2022-05-09,11.7,0.0,0.0,31.0,Breezy
1955,2022-05-10,15.3,0.0,0.0,,
1956,2022-05-11,16.7,0.0,0.0,,
1957,2022-05-12,18.5,0.0,0.0,,
1958,2022-05-13,19.8,0.0,0.0,,
1959,2022-05-14,20.9,0.0,0.0,32.0,Breezy
1960,2022-05-15,22.3,0.0,0.0,37.0,Breezy
1961,2022-05-16,17.0,10.8,0.0,49.0,Breezy
1962,2022-05-17,11.7,0.0,0.0,52.0,Galey
1963,2022-05-18,10.3,0.0,0.0,,
1964,2022-05-19,15.9,0.2,0.0,37.0,Breezy
1965,2022-05-20,17.7,0.0,0.0,44.0,Breezy
1966,2022-05-21,23.1,6.2,0.0,121.0,Hurricane
1967,2022-05-22,12.9,0.4,0.0,48.0,Breezy
1968,2022-05-23,11.7,0.0,0.0,,
1969,2022-05-24,12.7,0.0,0.0,,
1970,2022-05-25,15.2,0.2,0.0,44.0,Breezy
1971,2022-05-26,20.3,2.4,0.0,53.0,Galey
1972,2022-05-27,19.5,1.8,0.0,40.0,Breezy
1973,2022-05-28,17.7,1.0,0.0,36.0,Breezy
1974,2022-05-29,19.0,0.0,0.0,33.0,Breezy
1975,2022-05-30,24.3,0.0,0.0,53.0,Galey
1976,2022-05-31,26.9,0.0,0.0,46.0,Breezy
1977,2022-06-01,19.0,4.2,0.0,36.0,Breezy
1978,2022-06-02,15.7,0.0,0.0,48.0,Breezy
1979,2022-06-03,17.0,0.2,0.0,47.0,Breezy
1980,2022-06-04,14.2,0.0,0.0,49.0,Breezy
1981,2022-06-05,17.9,0.8,0.0,42.0,Breezy
1982,2022-06-06,17.7,9.2,0.0,32.0,Breezy
1983,2022-06-07,17.4,12.6,0.0,51.0,Galey
1984,2022-06-08,16.4,3.6,0.0,,
1985,2022-06-09,17.3,4.0,0.0,54.0,Galey
1986,2022-06-10,17.3,0.0,0.0,50.0,Galey
1987,2022-06-11,19.4,0.0,0.0,57.0,Galey
1988,2022-06-12,19.1,1.2,0.0,40.0,Breezy
1989,2022-06-13,16.7,0.0,0.0,,
1990,2022-06-14,20.5,0.0,0.0,32.0,Breezy
1991,2022-06-15,22.1,0.0,0.0,35.0,Breezy
1992,2022-06-16,26.1,0.0,0.0,62.0,Galey
1993,2022-06-17,20.0,0.0,0.0,75.0,Galey
1994,2022-06-18,15.3,0.0,0.0,62.0,Galey
1995,2022-06-19,16.6,0.0,0.0,43.0,Breezy
1996,2022-06-20,20.1,0.0,0.0,37.0,Breezy
1997,2022-06-21,26.2,0.0,0.0,44.0,Breezy
1998,2022-06-22,26.6,0.0,0.0,59.0,Galey
1999,2022-06-23,21.6,0.0,0.0,38.0,Breezy
2000,2022-06-24,21.0,0.0,0.0,,
2001,2022-06-25,24.8,0.0,0.0,,
2002,2022-06-26,25.1,0.4,0.0,46.0,Breezy
2003,2022-06-27,17.2,0.0,0.0,53.0,Galey
2004,2022-06-28,17.6,0.0,0.0,36.0,Breezy
2005,2022-06-29,19.8,4.2,0.0,33.0,Breezy
2006,2022-06-30,20.8,0.0,0.0,33.0,Breezy
2007,2022-07-01,25.0,0.6,0.0,43.0,Breezy
2008,2022-07-02,21.7,0.0,0.0,55.0,Galey
2009,2022-07-03,20.6,0.0,0.0,45.0,Breezy
2010,2022-07-04,20.9,0.0,0.0,,
2011,2022-07-05,23.1,7.4,0.0,47.0,Breezy
2012,2022-07-06,20.0,0.0,0.0,35.0,Breezy
2013,2022-07-07,20.3,0.0,0.0,31.0,Breezy
2014,2022-07-08,21.4,0.0,0.0,39.0,Breezy
2015,2022-07-09,18.6,0.0,0.0,,
2016,2022-07-10,21.0,0.0,0.0,36.0,Breezy
2017,2022-07-11,23.5,0.4,0.0,73.0,Galey
2018,2022-07-12,23.2,0.0,0.0,61.0,Galey
2019,2022-07-13,20.4,0.0,0.0,37.0,Breezy
2020,2022-07-14,21.0,0.0,0.0,32.0,Breezy
2021,2022-07-15,21.0,0.0,0.0,,
2022,2022-07-16,23.1,0.0,0.0,32.0,Breezy
2023,2022-07-17,23.9,0.0,0.0,31.0,Breezy
2024,2022-07-18,23.8,16.0,0.0,43.0,Breezy
2025,2022-07-19,27.1,0.0,0.0,41.0,Breezy
2026,2022-07-20,27.6,0.0,0.0,59.0,Galey
2027,2022-07-21,26.4,0.0,0.0,64.0,Galey
2028,2022-07-22,26.0,0.0,0.0,58.0,Galey
2029,2022-07-23,27.5,0.0,0.0,49.0,Breezy
2030,2022-07-24,26.1,18.4,0.0,53.0,Galey
2031,2022-07-25,19.6,0.0,0.0,52.0,Galey
2032,2022-07-26,19.0,0.0,0.0,,
2033,2022-07-27,21.1,0.0,0.0,32.0,Breezy
2034,2022-07-28,24.2,0.8,0.0,65.0,Galey
2035,2022-07-29,21.7,0.0,0.0,53.0,Galey
2036,2022-07-30,21.3,0.0,0.0,36.0,Breezy
2037,2022-07-31,22.6,0.0,0.0,42.0,Breezy
2038,2022-08-01,24.2,0.2,0.0,49.0,Breezy
2039,2022-08-02,21.8,0.0,0.0,43.0,Breezy
2040,2022-08-03,23.2,1.0,0.0,52.0,Galey
2041,2022-08-04,25.2,15.0,0.0,36.0,Breezy
2042,2022-08-05,24.7,0.0,0.0,,
2043,2022-08-06,26.3,0.0,0.0,38.0,Breezy
2044,2022-08-07,28.4,0.0,0.0,45.0,Breezy
2045,2022-08-08,25.5,2.0,0.0,53.0,Galey
2046,2022-08-09,20.3,0.0,0.0,45.0,Breezy
2047,2022-08-10,21.0,0.0,0.0,31.0,Breezy
2048,2022-08-11,21.4,0.0,0.0,47.0,Breezy
2049,2022-08-12,20.1,0.0,0.0,54.0,Galey
2050,2022-08-13,19.4,0.0,0.0,33.0,Breezy
2051,2022-08-14,21.3,0.0,0.0,,
2052,2022-08-15,22.5,0.0,0.0,37.0,Breezy
2053,2022-08-16,22.3,0.0,0.0,36.0,Breezy
2054,2022-08-17,22.4,24.0,0.0,,
2055,2022-08-18,22.6,1.6,0.0,37.0,Breezy
2056,2022-08-19,22.1,0.8,0.0,36.0,Breezy
2057,2022-08-20,23.5,0.0,0.0,,
2058,2022-08-21,22.1,13.4,0.0,54.0,Galey
2059,2022-08-22,22.3,12.2,0.0,,
2060,2022-08-23,22.8,0.0,0.0,40.0,Breezy
2061,2022-08-24,23.0,0.0,0.0,36.0,Breezy
2062,2022-08-25,21.7,5.8,0.0,52.0,Galey
2063,2022-08-26,20.5,0.0,0.0,52.0,Galey
2064,2022-08-27,18.2,0.0,0.0,,
2065,2022-08-28,21.5,0.0,0.0,32.0,Breezy
2066,2022-08-29,26.1,1.8,0.0,60.0,Galey
2067,2022-08-30,21.2,3.0,0.0,47.0,Breezy
2068,2022-08-31,20.9,0.0,0.0,65.0,Galey
2069,2022-09-01,18.1,0.0,0.0,36.0,Breezy
2070,2022-09-02,22.0,0.0,0.0,32.0,Breezy
2071,2022-09-03,24.0,0.0,0.0,39.0,Breezy
2072,2022-09-04,18.1,0.4,0.0,,
2073,2022-09-05,18.6,0.0,0.0,,
2074,2022-09-06,19.1,0.0,0.0,,
2075,2022-09-07,20.5,0.0,0.0,,
2076,2022-09-08,20.9,0.0,0.0,,
2077,2022-09-09,21.1,0.0,0.0,,
2078,2022-09-10,23.6,0.0,0.0,31.0,Breezy
2079,2022-09-11,22.1,2.0,0.0,,
2080,2022-09-12,19.7,5.2,0.0,41.0,Breezy
2081,2022-09-13,16.9,0.4,0.0,,
2082,2022-09-14,18.2,0.0,0.0,49.0,Breezy
2083,2022-09-15,13.8,0.0,0.0,,
2084,2022-09-16,18.2,0.0,0.0,31.0,Breezy
2085,2022-09-17,20.1,0.0,0.0,,
2086,2022-09-18,21.05,3.6,0.0,35.0,Breezy
2087,2022-09-19,22.0,0.2,0.0,58.0,Galey
2088,2022-09-20,20.8,0.0,0.0,43.0,Breezy
2089,2022-09-21,23.0,0.0,0.0,66.0,Galey
2090,2022-09-22,12.4,0.2,0.0,65.0,Galey
2091,2022-09-23,10.8,0.0,0.0,51.0,Galey
2092,2022-09-24,12.2,0.0,0.0,,
2093,2022-09-25,15.5,23.2,0.0,33.0,Breezy
2094,2022-09-26,13.9,2.4,0.0,50.0,Galey
2095,2022-09-27,14.6,1.8,0.0,38.0,Breezy
2096,2022-09-28,11.8,0.0,0.0,38.0,Breezy
2097,2022-09-29,12.2,0.0,0.0,,
2098,2022-09-30,11.6,0.0,0.0,,
2099,2022-10-01,14.6,0.0,0.0,44.0,Breezy
2100,2022-10-02,11.3,0.0,0.0,43.0,Breezy
2101,2022-10-03,9.5,0.0,0.0,,
2102,2022-10-04,12.3,0.0,0.0,,
2103,2022-10-05,15.5,0.0,0.0,,
2104,2022-10-06,18.2,0.4,0.0,50.0,Galey
2105,2022-10-07,7.6,0.2,0.0,53.0,Galey
2106,2022-10-08,6.5,0.0,0.0,53.0,Galey
2107,2022-10-09,10.7,0.0,0.0,39.0,Breezy
2108,2022-10-10,11.0,0.0,0.0,,
2109,2022-10-11,13.7,0.0,0.0,45.0,Breezy
2110,2022-10-12,16.9,4.8,0.0,37.0,Breezy
2111,2022-10-13,11.2,11.4,0.0,46.0,Breezy
2112,2022-10-14,10.2,0.4,0.0,53.0,Galey
2113,2022-10-15,9.6,1.8,0.0,64.0,Galey
2114,2022-10-16,11.3,0.0,0.0,44.0,Breezy
2115,2022-10-17,6.7,0.8,0.0,35.0,Breezy
2116,2022-10-18,5.2,2.0,0.0,46.0,Breezy
2117,2022-10-19,6.5,1.4,0.0,48.0,Breezy
2118,2022-10-20,4.0,0.6,0.0,46.0,Breezy
2119,2022-10-21,9.0,0.0,0.0,51.0,Galey
2120,2022-10-22,15.9,0.0,0.0,39.0,Breezy
2121,2022-10-23,12.6,0.0,0.0,,
2122,2022-10-24,12.1,0.0,0.0,,
2123,2022-10-25,12.6,0.0,0.0,,
2124,2022-10-26,10.6,9.4,0.0,57.0,Galey
2125,2022-10-27,6.0,0.0,0.0,43.0,Breezy
2126,2022-10-28,6.0,0.0,0.0,,
2127,2022-10-29,7.7,0.0,0.0,,
2128,2022-10-30,7.8,0.0,0.0,,
2129,2022-10-31,8.7,3.4,0.0,,
2130,2022-11-01,13.6,10.4,0.0,38.0,Breezy
2131,2022-11-02,10.0,0.0,0.0,,
2132,2022-11-03,9.8,0.0,0.0,,
2133,2022-11-04,14.3,0.0,0.0,33.0,Breezy
2134,2022-11-05,18.9,5.2,0.0,64.0,Galey
2135,2022-11-06,14.7,0.0,0.0,49.0,Breezy
2136,2022-11-07,8.2,0.0,0.0,51.0,Galey
2137,2022-11-08,6.0,0.0,0.0,32.0,Breezy
2138,2022-11-09,8.1,0.0,0.0,32.0,Breezy
2139,2022-11-10,14.6,0.0,0.0,42.0,Breezy
2140,2022-11-11,12.9,9.0,0.0,49.0,Breezy
2141,2022-11-12,6.9,0.6,0.0,51.0,Galey
2142,2022-11-13,1.3,0.0,0.2,42.0,Breezy
2143,2022-11-14,1.2,0.0,0.0,33.0,Breezy
2144,2022-11-15,-0.7,0.0,4.2,40.0,Breezy
2145,2022-11-16,-0.1,0.0,5.0,,
2146,2022-11-17,-1.1,0.0,0.4,49.0,Breezy
2147,2022-11-18,-0.7,0.0,0.0,57.0,Galey
2148,2022-11-19,-3.3,0.0,0.4,51.0,Galey
2149,2022-11-20,-5.5,0.0,1.8,66.0,Galey
2150,2022-11-21,-0.3,0.0,0.0,64.0,Galey
2151,2022-11-22,1.5,0.0,0.0,,
2152,2022-11-23,2.5,0.0,0.0,,
2153,2022-11-24,3.6,0.0,0.0,,
2154,2022-11-25,3.8,0.2,0.0,67.0,Galey
2155,2022-11-26,6.6,0.0,0.0,41.0,Breezy
2156,2022-11-27,4.5,5.0,0.0,49.0,Breezy
2157,2022-11-28,2.2,0.0,0.0,45.0,Breezy
2158,2022-11-29,3.8,0.0,0.0,44.0,Breezy
2159,2022-11-30,3.5,12.2,1.0,76.0,Galey
2160,2022-12-01,-0.7,0.0,0.0,53.0,Galey
2161,2022-12-02,2.0,2.8,0.0,37.0,Breezy
2162,2022-12-03,5.0,8.2,0.0,89.0,Stormy
2163,2022-12-04,-1.2,0.0,0.0,39.0,Breezy
2164,2022-12-05,2.5,0.0,0.0,40.0,Breezy
2165,2022-12-06,5.4,0.6,0.0,,
2166,2022-12-07,5.3,0.2,0.0,36.0,Breezy
2167,2022-12-08,1.6,0.0,0.0,34.0,Breezy
2168,2022-12-09,-1.4,0.0,0.0,34.0,Breezy
2169,2022-12-10,-3.0,0.0,0.0,40.0,Breezy
2170,2022-12-11,-2.3,0.0,5.2,32.0,Breezy
2171,2022-12-12,-4.7,0.0,0.0,,
2172,2022-12-13,-4.8,0.0,0.0,,
2173,2022-12-14,-4.3,0.0,0.0,34.0,Breezy
2174,2022-12-15,0.0,23.8,5.0,61.0,Galey
2175,2022-12-16,1.1,2.8,0.4,39.0,Breezy
2176,2022-12-17,-0.7,0.0,0.0,39.0,Breezy
2177,2022-12-18,-1.3,0.0,1.2,56.0,Galey
2178,2022-12-19,-0.7,0.0,0.0,49.0,Breezy
2179,2022-12-20,-1.1,0.0,0.0,,
2180,2022-12-21,-2.9,0.0,0.0,,
2181,2022-12-22,0.2,9.8,0.0,49.0,Breezy
2182,2022-12-23,-4.9,9.2,2.0,82.0,Galey
2183,2022-12-24,-12.0,0.0,0.0,81.0,Galey
2184,2022-12-25,-7.0,0.0,0.2,72.0,Galey
2185,2022-12-26,-7.4,0.0,0.0,49.0,Breezy
2186,2022-12-27,-4.3,0.0,0.0,36.0,Breezy
2187,2022-12-28,1.6,0.0,0.0,38.0,Breezy
2188,2022-12-29,5.8,0.0,0.0,46.0,Breezy
2189,2022-12-30,10.7,5.8,0.0,42.0,Breezy
2190,2022-12-31,6.2,18.6,0.0,41.0,Breezy
