,Date/Time,Mean Temp (Â°C),Total Rain (mm),Total Snow (cm),Spd of Max Gust (km/h)
0,2017-01-01,-0.4,0.0,0.0,50
1,2017-01-02,0.4,0.0,0.0,35
2,2017-01-03,3.1,15.8,0.0,<31
3,2017-01-04,-2.5,0.2,0.0,80
4,2017-01-05,-9.2,0.0,0.0,56
5,2017-01-06,-10.4,0.0,0.0,43
6,2017-01-07,-10.9,0.0,0.0,41
7,2017-01-08,-11.2,0.0,0.0,50
8,2017-01-09,-6.1,0.0,0.0,57
9,2017-01-10,2.4,11.2,7.2,74
10,2017-01-11,4.1,6.2,0.0,102
11,2017-01-12,3.3,10.2,0.0,46
12,2017-01-13,-5.2,0.0,0.0,56
13,2017-01-14,-6.2,0.0,0.0,<31
14,2017-01-15,-3.7,0.0,0.0,<31
15,2017-01-16,-1.9,0.0,0.0,32
16,2017-01-17,0.7,12.2,0.0,44
17,2017-01-18,2.0,0.4,0.0,33
18,2017-01-19,1.9,0.0,0.0,<31
19,2017-01-20,2.2,0.2,0.0,<31
20,2017-01-21,4.2,0.0,0.0,<31
21,2017-01-22,3.6,0.0,0.0,39
22,2017-01-23,2.2,0.0,0.0,41
23,2017-01-24,0.4,0.0,0.0,37
24,2017-01-25,2.2,1.0,0.0,<31
25,2017-01-26,2.1,1.8,0.0,56
26,2017-01-27,0.1,0.0,0.0,56
27,2017-01-28,-1.7,0.0,0.6,44
28,2017-01-29,-4.5,0.0,0.0,50
29,2017-01-30,-7.8,0.0,0.0,33
30,2017-01-31,-4.1,0.0,2.4,35
31,2017-02-01,-1.2,0.0,0.4,48
32,2017-02-02,-5.0,0.0,0.0,63
33,2017-02-03,-7.1,0.0,0.0,54
34,2017-02-04,-5.7,0.0,0.0,44
35,2017-02-05,-1.5,0.0,0.8,56
36,2017-02-06,-2.2,0.0,0.0,<31
37,2017-02-07,1.4,15.4,0.0,52
38,2017-02-08,-2.1,0.0,0.0,69
39,2017-02-09,-8.2,0.0,0.0,50
40,2017-02-10,-5.0,0.0,3.8,52
41,2017-02-11,-0.1,0.0,0.0,32
42,2017-02-12,-1.5,0.0,15.6,78
43,2017-02-13,-3.8,0.0,0.0,72
44,2017-02-14,-1.5,0.0,0.0,43
45,2017-02-15,-2.2,0.0,0.0,63
46,2017-02-16,-6.5,0.0,0.0,44
47,2017-02-17,-3.2,0.0,0.0,<31
48,2017-02-18,4.2,0.0,0.0,65
49,2017-02-19,6.6,0.0,0.0,46
50,2017-02-20,2.3,0.0,0.0,35
51,2017-02-21,3.1,1.4,0.0,37
52,2017-02-22,5.6,0.0,0.0,<31
53,2017-02-23,10.9,0.0,0.0,57
54,2017-02-24,4.2,6.8,0.0,37
55,2017-02-25,2.5,11.6,0.2,69
56,2017-02-26,-0.7,0.0,0.0,44
57,2017-02-27,4.9,0.0,0.0,41
58,2017-02-28,5.4,3.2,0.0,<31
59,2017-03-01,5.0,19.8,0.0,82
60,2017-03-02,-4.9,0.0,0.0,72
61,2017-03-03,-7.5,0.0,0.2,72
62,2017-03-04,-9.6,0.0,0.0,46
63,2017-03-05,-7.1,0.0,0.0,43
64,2017-03-06,2.2,0.4,0.0,<31
65,2017-03-07,9.2,,,<31
66,2017-03-08,5.4,0.0,0.0,89
67,2017-03-09,0.4,0.0,0.0,69
68,2017-03-10,-5.8,0.0,0.0,82
69,2017-03-11,-9.6,0.0,0.0,74
70,2017-03-12,-8.9,0.0,0.0,46
71,2017-03-13,-8.8,0.0,1.8,35
72,2017-03-14,-9.7,0.0,1.4,70
73,2017-03-15,-6.2,0.0,1.2,78
74,2017-03-16,-2.7,0.0,0.0,56
75,2017-03-17,-0.8,0.0,0.0,33
76,2017-03-18,1.1,0.0,0.4,33
77,2017-03-19,3.3,0.0,0.0,<31
78,2017-03-20,2.7,0.0,0.0,32
79,2017-03-21,3.9,0.0,0.0,69
80,2017-03-22,-5.3,0.0,0.0,59
81,2017-03-23,-3.0,0.0,0.0,32
82,2017-03-24,8.0,7.6,0.0,46
83,2017-03-25,2.5,7.8,0.0,43
84,2017-03-26,3.2,3.0,0.0,46
85,2017-03-27,11.1,2.2,0.0,39
86,2017-03-28,5.9,0.0,0.0,41
87,2017-03-29,5.5,0.0,0.0,41
88,2017-03-30,1.9,6.2,1.8,63
89,2017-03-31,2.6,10.0,0.0,54
90,2017-04-01,6.2,0.0,0.0,43
91,2017-04-02,8.8,0.0,0.0,54
92,2017-04-03,9.0,6.0,0.0,57
93,2017-04-04,8.3,11.8,0.0,63
94,2017-04-05,7.0,0.2,0.0,54
95,2017-04-06,4.1,27.8,0.4,57
96,2017-04-07,2.4,0.0,1.6,78
97,2017-04-08,6.5,0.0,0.0,46
98,2017-04-09,12.2,0.0,0.0,37
99,2017-04-10,16.7,4.0,0.0,85
100,2017-04-11,14.2,1.8,0.0,59
101,2017-04-12,4.7,0.0,0.0,59
102,2017-04-13,7.6,0.0,0.0,32
103,2017-04-14,9.1,0.0,0.0,<31
104,2017-04-15,11.8,5.6,0.0,33
105,2017-04-16,16.3,2.6,0.0,78
106,2017-04-17,6.5,0.0,0.0,44
107,2017-04-18,4.7,0.0,0.0,33
108,2017-04-19,14.0,0.6,0.0,48
109,2017-04-20,6.5,25.0,0.0,52
110,2017-04-21,9.1,0.0,0.0,54
111,2017-04-22,8.8,0.0,0.0,50
112,2017-04-23,11.3,0.0,0.0,43
113,2017-04-24,9.2,0.0,0.0,39
114,2017-04-25,8.3,4.0,0.0,43
115,2017-04-26,12.4,0.0,0.0,<31
116,2017-04-27,17.2,5.4,0.0,56
117,2017-04-28,13.5,0.0,0.0,46
118,2017-04-29,10.4,0.0,0.0,54
119,2017-04-30,5.7,14.0,0.0,50
120,2017-05-01,10.1,19.2,0.0,43
121,2017-05-02,8.6,1.2,0.0,74
122,2017-05-03,9.5,0.0,0.0,54
123,2017-05-04,7.5,20.2,0.0,46
124,2017-05-05,7.9,22.2,0.0,52
125,2017-05-06,6.1,1.2,0.0,57
126,2017-05-07,7.0,0.4,0.0,59
127,2017-05-08,6.8,0.0,0.0,61
128,2017-05-09,6.7,0.0,0.0,33
129,2017-05-10,7.7,0.0,0.0,<31
130,2017-05-11,10.4,0.0,0.0,39
131,2017-05-12,10.4,0.0,0.0,<31
132,2017-05-13,12.3,1.0,0.0,<31
133,2017-05-14,11.9,1.4,0.0,67
134,2017-05-15,13.1,0.0,0.0,50
135,2017-05-16,12.0,0.8,0.0,<31
136,2017-05-17,19.6,0.0,0.0,69
137,2017-05-18,23.4,2.0,0.0,76
138,2017-05-19,12.9,0.0,0.0,46
139,2017-05-20,11.7,0.0,0.0,50
140,2017-05-21,11.8,11.8,0.0,43
141,2017-05-22,13.8,0.0,0.0,46
142,2017-05-23,16.0,0.4,0.0,35
143,2017-05-24,18.1,0.8,0.0,41
144,2017-05-25,13.2,44.6,0.0,56
145,2017-05-26,15.2,3.8,0.0,32
146,2017-05-27,15.5,0.0,0.0,<31
147,2017-05-28,16.0,0.0,0.0,33
148,2017-05-29,19.9,1.4,0.0,50
149,2017-05-30,17.8,10.2,0.0,78
150,2017-05-31,17.1,0.0,0.0,57
151,2017-06-01,13.6,0.0,0.0,54
152,2017-06-02,14.9,0.0,0.0,48
153,2017-06-03,16.3,0.0,0.0,32
154,2017-06-04,16.4,6.4,0.0,<31
155,2017-06-05,14.5,0.2,0.0,41
156,2017-06-06,13.7,3.2,0.0,48
157,2017-06-07,14.5,0.0,0.0,<31
158,2017-06-08,17.3,0.0,0.0,<31
159,2017-06-09,20.7,0.0,0.0,43
160,2017-06-10,22.6,0.0,0.0,46
161,2017-06-11,26.9,0.0,0.0,48
162,2017-06-12,26.6,0.0,0.0,50
163,2017-06-13,21.8,1.0,0.0,59
164,2017-06-14,19.5,0.0,0.0,43
165,2017-06-15,18.3,0.0,0.0,<31
166,2017-06-16,23.6,8.0,0.0,52
167,2017-06-17,23.6,7.0,0.0,37
168,2017-06-18,24.4,1.8,0.0,67
169,2017-06-19,21.7,0.4,0.0,35
170,2017-06-20,18.5,4.2,0.0,56
171,2017-06-21,17.8,0.0,0.0,39
172,2017-06-22,19.2,4.2,0.0,39
173,2017-06-23,21.4,36.2,0.0,43
174,2017-06-24,19.5,0.0,0.0,61
175,2017-06-25,17.7,1.4,0.0,67
176,2017-06-26,16.6,2.2,0.0,48
177,2017-06-27,16.0,3.6,0.0,57
178,2017-06-28,18.4,0.6,0.0,43
179,2017-06-29,21.3,4.2,0.0,54
180,2017-06-30,24.2,12.6,0.0,41
181,2017-07-01,21.0,1.0,0.0,37
182,2017-07-02,20.6,1.2,0.0,54
183,2017-07-03,20.2,0.0,0.0,32
184,2017-07-04,20.3,0.0,0.0,<31
185,2017-07-05,20.5,0.0,0.0,<31
186,2017-07-06,23.2,0.0,0.0,39
187,2017-07-07,24.7,0.0,0.0,39
188,2017-07-08,19.9,0.0,0.0,52
189,2017-07-09,21.5,0.2,0.0,50
190,2017-07-10,21.8,0.0,0.0,39
191,2017-07-11,23.2,0.0,0.0,32
192,2017-07-12,23.1,0.6,0.0,<31
193,2017-07-13,18.8,2.2,0.0,33
194,2017-07-14,22.6,0.6,0.0,50
195,2017-07-15,22.9,0.0,0.0,37
196,2017-07-16,22.2,0.0,0.0,44
197,2017-07-17,22.6,0.0,0.0,<31
198,2017-07-18,22.8,0.0,0.0,33
199,2017-07-19,25.3,0.0,0.0,43
200,2017-07-20,20.3,19.4,0.0,39
201,2017-07-21,24.3,0.0,0.0,41
202,2017-07-22,22.1,2.4,0.0,<31
203,2017-07-23,22.3,0.0,0.0,37
204,2017-07-24,19.1,0.0,0.0,43
205,2017-07-25,19.2,0.0,0.0,33
206,2017-07-26,18.3,2.6,0.0,<31
207,2017-07-27,22.5,5.4,0.0,33
208,2017-07-28,19.3,0.0,0.0,41
209,2017-07-29,21.4,0.0,0.0,41
210,2017-07-30,24.3,0.0,0.0,41
211,2017-07-31,24.2,2.0,0.0,56
212,2017-08-01,23.4,13.4,0.0,59
213,2017-08-02,24.3,0.2,0.0,48
214,2017-08-03,22.9,0.4,0.0,<31
215,2017-08-04,21.0,29.6,0.0,43
216,2017-08-05,17.2,0.2,0.0,61
217,2017-08-06,18.9,0.0,0.0,39
218,2017-08-07,18.1,0.4,0.0,41
219,2017-08-08,19.7,0.0,0.0,35
220,2017-08-09,22.5,0.0,0.0,43
221,2017-08-10,22.3,0.0,0.0,33
222,2017-08-11,21.1,2.2,0.0,41
223,2017-08-12,21.1,0.4,0.0,41
224,2017-08-13,20.0,0.0,0.0,<31
225,2017-08-14,21.4,0.0,0.0,<31
226,2017-08-15,21.9,1.4,0.0,41
227,2017-08-16,20.1,0.0,0.0,<31
228,2017-08-17,20.3,14.6,0.0,32
229,2017-08-18,23.4,0.0,0.0,48
230,2017-08-19,20.5,0.0,0.0,46
231,2017-08-20,22.1,0.0,0.0,37
232,2017-08-21,24.3,0.0,0.0,<31
233,2017-08-22,20.3,8.0,0.0,69
234,2017-08-23,17.5,0.0,0.0,52
235,2017-08-24,15.6,0.0,0.0,35
236,2017-08-25,16.4,0.0,0.0,<31
237,2017-08-26,16.4,0.0,0.0,<31
238,2017-08-27,16.8,0.0,0.0,39
239,2017-08-28,19.4,0.0,0.0,33
240,2017-08-29,19.2,0.0,0.0,<31
241,2017-08-30,19.0,0.2,0.0,<31
242,2017-08-31,14.5,3.8,0.0,50
243,2017-09-01,12.7,0.0,0.0,<31
244,2017-09-02,13.7,0.0,0.0,41
245,2017-09-03,17.9,8.8,0.0,50
246,2017-09-04,20.3,8.6,0.0,67
247,2017-09-05,17.1,4.6,0.0,48
248,2017-09-06,16.0,0.0,0.0,<31
249,2017-09-07,15.0,4.2,0.0,50
250,2017-09-08,14.0,0.0,0.0,41
251,2017-09-09,12.8,0.0,0.0,32
252,2017-09-10,13.7,0.0,0.0,<31
253,2017-09-11,15.5,0.0,0.0,<31
254,2017-09-12,17.1,0.0,0.0,<31
255,2017-09-13,18.2,0.0,0.0,<31
256,2017-09-14,21.5,0.0,0.0,32
257,2017-09-15,21.7,0.0,0.0,<31
258,2017-09-16,21.2,0.0,0.0,<31
259,2017-09-17,21.1,0.0,0.0,<31
260,2017-09-18,21.8,0.0,0.0,<31
261,2017-09-19,23.0,0.0,0.0,35
262,2017-09-20,21.9,0.0,0.0,<31
263,2017-09-21,21.6,0.0,0.0,<31
264,2017-09-22,21.9,0.0,0.0,<31
265,2017-09-23,25.4,0.0,0.0,<31
266,2017-09-24,26.5,0.0,0.0,<31
267,2017-09-25,25.8,0.0,0.0,<31
268,2017-09-26,25.6,0.0,0.0,32
269,2017-09-27,22.0,0.0,0.0,50
270,2017-09-28,13.6,0.0,0.0,43
271,2017-09-29,13.3,3.6,0.0,69
272,2017-09-30,10.5,0.0,0.0,41
273,2017-10-01,10.9,0.0,0.0,<31
274,2017-10-02,13.5,0.0,0.0,<31
275,2017-10-03,16.0,0.0,0.0,<31
276,2017-10-04,19.0,3.6,0.0,57
277,2017-10-05,15.9,0.0,0.0,46
278,2017-10-06,17.3,1.4,0.0,<31
279,2017-10-07,22.2,4.8,0.0,50
280,2017-10-08,20.9,0.6,0.0,61
281,2017-10-09,18.0,11.8,0.0,<31
282,2017-10-10,17.1,0.0,0.0,39
283,2017-10-11,10.5,2.8,0.0,41
284,2017-10-12,11.5,0.0,0.0,46
285,2017-10-13,15.5,0.4,0.0,<31
286,2017-10-14,15.5,8.8,0.0,<31
287,2017-10-15,16.0,7.8,0.0,102
288,2017-10-16,6.6,0.0,0.0,35
289,2017-10-17,11.1,0.0,0.0,54
290,2017-10-18,16.0,0.0,0.0,43
291,2017-10-19,14.1,0.0,0.0,52
292,2017-10-20,14.7,0.0,0.0,32
293,2017-10-21,15.4,0.0,0.0,<31
294,2017-10-22,15.6,,,
295,2017-10-23,16.9,9.2,0.0,46
296,2017-10-24,12.7,1.0,0.0,59
297,2017-10-25,7.3,0.0,0.0,39
298,2017-10-26,6.9,0.0,0.0,35
299,2017-10-27,8.8,0.0,0.0,39
300,2017-10-28,7.4,5.4,0.0,35
301,2017-10-29,6.3,0.0,0.0,50
302,2017-10-30,6.9,0.0,0.0,63
303,2017-10-31,5.6,0.2,0.0,69
304,2017-11-01,5.5,1.6,0.0,<31
305,2017-11-02,10.9,11.0,0.0,39
306,2017-11-03,6.8,2.0,0.0,52
307,2017-11-04,3.9,1.6,0.0,48
308,2017-11-05,10.9,14.8,0.0,57
309,2017-11-06,7.7,0.0,0.0,46
310,2017-11-07,3.6,0.0,0.0,32
311,2017-11-08,,0.0,0.0,37
312,2017-11-09,2.1,0.6,0.0,74
313,2017-11-10,-6.8,0.0,0.0,59
314,2017-11-11,-3.5,0.0,0.0,33
315,2017-11-12,2.7,1.0,0.0,<31
316,2017-11-13,3.4,0.6,0.0,<31
317,2017-11-14,4.8,0.0,0.0,<31
318,2017-11-15,5.1,2.4,0.0,39
319,2017-11-16,3.8,0.6,0.0,61
320,2017-11-17,0.4,0.0,0.0,43
321,2017-11-18,4.9,19.0,0.0,57
322,2017-11-19,0.9,0.8,1.2,61
323,2017-11-20,2.8,0.0,0.0,43
324,2017-11-21,7.2,0.0,0.0,63
325,2017-11-22,-0.3,0.0,0.0,46
326,2017-11-23,1.1,0.0,0.0,43
327,2017-11-24,5.8,0.0,0.0,54
328,2017-11-25,5.5,1.0,0.0,56
329,2017-11-26,1.7,0.0,0.0,52
330,2017-11-27,1.6,0.0,0.0,50
331,2017-11-28,8.9,0.0,0.0,63
332,2017-11-29,4.7,0.0,0.0,57
333,2017-11-30,1.7,1.6,0.0,48
334,2017-12-01,4.7,0.0,0.0,<31
335,2017-12-02,3.0,0.0,0.0,<31
336,2017-12-03,3.2,0.0,0.0,<31
337,2017-12-04,3.3,3.8,0.0,37
338,2017-12-05,5.4,3.8,0.0,67
339,2017-12-06,0.5,0.0,0.0,67
340,2017-12-07,-1.6,0.0,0.0,56
341,2017-12-08,-1.2,0.0,0.0,57
342,2017-12-09,-1.6,0.0,0.0,<31
343,2017-12-10,-2.8,0.0,0.4,50
344,2017-12-11,-5.0,0.0,5.6,<31
345,2017-12-12,-7.2,0.0,5.6,57
346,2017-12-13,-10.1,0.0,1.4,43
347,2017-12-14,-11.1,0.0,0.0,46
348,2017-12-15,-8.0,0.0,0.2,50
349,2017-12-16,-7.2,0.0,0.2,35
350,2017-12-17,-10.0,0.0,0.0,<31
351,2017-12-18,-1.7,1.4,0.4,<31
352,2017-12-19,4.1,0.0,0.0,69
353,2017-12-20,-0.9,0.0,0.0,59
354,2017-12-21,-3.8,0.0,4.0,<31
355,2017-12-22,-4.7,0.0,3.0,37
356,2017-12-23,-2.1,0.0,3.6,33
357,2017-12-24,-5.9,0.0,8.8,33
358,2017-12-25,-8.2,0.0,1.0,76
359,2017-12-26,-14.4,0.0,0.0,52
360,2017-12-27,-15.5,0.0,0.0,33
361,2017-12-28,-17.5,0.0,0.0,<31
362,2017-12-29,-12.3,0.0,4.5,<31
363,2017-12-30,-13.3,0.0,0.4,48
364,2017-12-31,-18.6,0.0,0.0,32
365,2018-01-01,-15.0,0.0,0.0,54
366,2018-01-02,-10.5,0.0,1.0,59
367,2018-01-03,-9.9,0.0,0.0,44
368,2018-01-04,-14.7,0.0,0.0,65
369,2018-01-05,-19.0,0.0,0.0,50
370,2018-01-06,-20.0,0.0,0.0,32
371,2018-01-07,-11.5,0.2,0.2,52
372,2018-01-08,-0.2,0.6,4.0,50
373,2018-01-09,-1.0,0.0,0.0,39
374,2018-01-10,0.9,2.6,0.0,<31
375,2018-01-11,8.6,7.0,0.0,37
376,2018-01-12,-0.2,10.2,3.4,67
377,2018-01-13,-14.3,0.0,0.0,61
378,2018-01-14,-11.9,0.0,0.0,35
379,2018-01-15,-7.8,0.0,4.4,56
380,2018-01-16,-6.7,0.0,1.6,<31
381,2018-01-17,-10.0,0.0,0.4,48
382,2018-01-18,-6.6,0.0,0.0,37
383,2018-01-19,-2.2,0.0,0.0,54
384,2018-01-20,3.0,0.0,0.0,41
385,2018-01-21,1.1,1.0,0.0,30
386,2018-01-22,1.5,14.4,0.0,41
387,2018-01-23,1.0,3.4,0.0,69
388,2018-01-24,-7.9,0.0,0.0,56
389,2018-01-25,-6.9,0.0,0.0,<31
390,2018-01-26,1.6,0.0,0.0,32
391,2018-01-27,5.0,1.6,0.0,59
392,2018-01-28,1.1,0.0,0.0,33
393,2018-01-29,-4.3,0.0,5.2,39
394,2018-01-30,-11.0,0.0,0.4,52
395,2018-01-31,-6.5,0.0,0.8,43
396,2018-02-01,-2.9,0.0,0.0,59
397,2018-02-02,-12.6,0.0,0.0,52
398,2018-02-03,-6.6,0.0,1.8,43
399,2018-02-04,-3.8,0.2,5.2,69
400,2018-02-05,-11.0,0.0,0.0,52
401,2018-02-06,-8.1,0.0,0.2,41
402,2018-02-07,-9.0,0.0,7.4,43
403,2018-02-08,-9.9,0.0,0.0,52
404,2018-02-09,-8.1,0.0,6.8,<31
405,2018-02-10,-5.6,0.0,6.4,<31
406,2018-02-11,-4.3,0.0,1.0,50
407,2018-02-12,-7.6,0.0,0.0,41
408,2018-02-13,-8.2,0.0,0.0,<31
409,2018-02-14,0.5,0.0,0.0,37
410,2018-02-15,5.3,0.0,0.0,43
411,2018-02-16,-2.0,0.0,0.0,61
412,2018-02-17,-4.1,0.0,0.0,33
413,2018-02-18,0.4,0.0,0.0,39
414,2018-02-19,0.7,13.4,0.0,<31
415,2018-02-20,9.7,7.6,0.0,52
416,2018-02-21,6.2,8.0,0.0,50
417,2018-02-22,-0.6,0.0,0.0,33
418,2018-02-23,2.7,3.0,0.0,46
419,2018-02-24,2.9,0.0,0.0,54
420,2018-02-25,6.5,4.8,0.0,69
421,2018-02-26,3.3,0.0,0.0,46
422,2018-02-27,6.2,0.0,0.0,63
423,2018-02-28,9.0,0.0,0.0,46
424,2018-03-01,1.8,0.2,0.6,69
425,2018-03-02,1.0,0.0,0.4,65
426,2018-03-03,0.0,0.0,0.0,54
427,2018-03-04,-1.2,0.0,0.0,46
428,2018-03-05,-0.9,0.0,0.0,37
429,2018-03-06,-0.2,0.0,0.0,48
430,2018-03-07,0.6,0.0,0.2,43
431,2018-03-08,-2.0,0.0,0.0,43
432,2018-03-09,0.3,0.0,0.4,52
433,2018-03-10,-0.9,0.0,0.0,39
434,2018-03-11,-0.8,0.0,0.0,32
435,2018-03-12,-1.9,0.0,5.8,<31
436,2018-03-13,-1.4,0.0,0.0,46
437,2018-03-14,-1.9,0.0,0.0,59
438,2018-03-15,-0.3,0.0,1.4,50
439,2018-03-16,-3.8,0.0,0.0,56
440,2018-03-17,0.0,0.0,0.0,48
441,2018-03-18,2.1,0.0,0.0,63
442,2018-03-19,-3.7,0.0,0.0,30
443,2018-03-20,-2.2,0.0,0.0,37
444,2018-03-21,0.1,0.0,0.0,41
445,2018-03-22,0.6,0.0,0.0,48
446,2018-03-23,-0.1,0.0,0.0,48
447,2018-03-24,-1.4,0.0,0.0,48
448,2018-03-25,-2.3,0.0,0.0,35
449,2018-03-26,3.4,0.0,0.0,44
450,2018-03-27,4.8,4.4,0.0,32
451,2018-03-28,5.1,0.0,0.0,33
452,2018-03-29,3.7,17.2,0.0,37
453,2018-03-30,1.6,0.2,0.0,54
454,2018-03-31,3.9,4.8,0.0,72
455,2018-04-01,-0.1,0.0,0.0,74
456,2018-04-02,1.9,0.0,0.0,35
457,2018-04-03,3.3,20.8,0.0,46
458,2018-04-04,0.2,4.8,0.0,96
459,2018-04-05,-1.7,0.0,0.0,48
460,2018-04-06,0.6,0.2,1.4,69
461,2018-04-07,-2.6,0.0,0.0,54
462,2018-04-08,-1.9,0.0,0.0,50
463,2018-04-09,-1.1,0.0,0.0,<31
464,2018-04-10,1.7,0.4,0.4,39
465,2018-04-11,2.6,1.2,0.0,44
466,2018-04-12,6.9,2.6,0.0,46
467,2018-04-13,3.8,7.4,0.0,30
468,2018-04-14,-0.3,5.6,4.2,52
469,2018-04-15,-1.6,15.2,3.8,74
470,2018-04-16,1.9,18.6,0.0,69
471,2018-04-17,-0.5,0.0,0.2,48
472,2018-04-18,1.8,0.0,0.0,41
473,2018-04-19,1.4,0.0,0.0,54
474,2018-04-20,3.0,0.0,0.0,46
475,2018-04-21,6.0,0.0,0.0,<31
476,2018-04-22,8.5,0.0,0.0,<31
477,2018-04-23,10.4,0.0,0.0,32
478,2018-04-24,11.8,4.2,0.0,37
479,2018-04-25,7.5,18.8,0.0,54
480,2018-04-26,9.7,0.6,0.0,54
481,2018-04-27,8.5,3.0,0.0,39
482,2018-04-28,4.5,1.8,0.0,48
483,2018-04-29,6.0,0.0,0.4,59
484,2018-04-30,10.6,0.0,0.0,44
485,2018-05-01,18.0,0.0,0.0,50
486,2018-05-02,22.8,0.0,0.0,54
487,2018-05-03,15.9,6.8,0.0,61
488,2018-05-04,16.6,8.2,0.0,119
489,2018-05-05,16.4,2.2,0.0,63
490,2018-05-06,14.8,0.8,0.0,32
491,2018-05-07,12.9,0.0,0.0,32
492,2018-05-08,12.8,0.0,0.0,<31
493,2018-05-09,15.8,0.0,0.0,30
494,2018-05-10,12.6,2.2,0.0,61
495,2018-05-11,8.1,0.0,0.0,37
496,2018-05-12,11.1,0.0,0.0,<31
497,2018-05-13,12.7,0.0,0.0,32
498,2018-05-14,16.8,0.0,0.0,35
499,2018-05-15,16.2,18.6,0.0,46
500,2018-05-16,14.1,0.0,0.0,30
501,2018-05-17,18.0,0.0,0.0,41
502,2018-05-18,13.4,0.0,0.0,48
503,2018-05-19,13.4,8.0,0.0,39
504,2018-05-20,14.6,0.0,0.0,41
505,2018-05-21,14.1,0.0,0.0,<31
506,2018-05-22,14.4,8.6,0.0,30
507,2018-05-23,18.0,0.0,0.0,39
508,2018-05-24,20.4,0.0,0.0,41
509,2018-05-25,23.2,0.0,0.0,46
510,2018-05-26,22.2,0.0,0.0,48
511,2018-05-27,21.6,0.0,0.0,<31
512,2018-05-28,22.9,0.0,0.0,37
513,2018-05-29,23.0,0.0,0.0,32
514,2018-05-30,23.8,0.0,0.0,<31
515,2018-05-31,25.5,10.0,0.0,48
516,2018-06-01,21.6,0.0,0.0,52
517,2018-06-02,17.4,0.0,0.0,37
518,2018-06-03,17.7,7.4,0.0,30
519,2018-06-04,16.8,1.0,0.0,69
520,2018-06-05,13.0,0.2,0.0,41
521,2018-06-06,13.3,0.0,0.0,35
522,2018-06-07,17.3,0.0,0.0,33
523,2018-06-08,17.4,0.0,0.0,30
524,2018-06-09,18.2,0.0,0.0,<31
525,2018-06-10,18.4,0.0,0.0,52
526,2018-06-11,17.1,0.0,0.0,41
527,2018-06-12,18.4,0.0,0.0,33
528,2018-06-13,23.0,3.2,0.0,87
529,2018-06-14,19.9,0.0,0.0,61
530,2018-06-15,19.1,0.0,0.0,30
531,2018-06-16,21.7,0.0,0.0,32
532,2018-06-17,24.6,0.0,0.0,43
533,2018-06-18,25.4,2.6,0.0,56
534,2018-06-19,19.6,0.0,0.0,33
535,2018-06-20,20.4,0.0,0.0,<31
536,2018-06-21,18.1,0.0,0.0,33
537,2018-06-22,17.9,1.6,0.0,39
538,2018-06-23,18.0,4.8,0.0,<31
539,2018-06-24,18.1,21.4,0.0,39
540,2018-06-25,18.1,0.0,0.0,33
541,2018-06-26,17.3,0.0,0.0,35
542,2018-06-27,19.3,7.8,0.0,<31
543,2018-06-28,24.6,0.0,0.0,37
544,2018-06-29,25.3,0.0,0.0,43
545,2018-06-30,28.7,0.0,0.0,44
546,2018-07-01,29.1,0.0,0.0,41
547,2018-07-02,27.0,0.0,0.0,43
548,2018-07-03,24.7,0.0,0.0,<31
549,2018-07-04,26.4,0.0,0.0,<31
550,2018-07-05,27.2,23.8,0.0,48
551,2018-07-06,20.3,,,<31
552,2018-07-07,19.7,0.0,0.0,32
553,2018-07-08,21.6,0.0,0.0,32
554,2018-07-09,23.6,0.0,0.0,39
555,2018-07-10,24.3,0.0,0.0,48
556,2018-07-11,22.2,0.0,0.0,37
557,2018-07-12,23.3,0.0,0.0,35
558,2018-07-13,25.8,0.0,0.0,37
559,2018-07-14,25.1,0.2,0.0,32
560,2018-07-15,25.9,0.0,0.0,<31
561,2018-07-16,26.6,8.0,0.0,63
562,2018-07-17,22.7,0.0,0.0,44
563,2018-07-18,19.8,0.0,0.0,35
564,2018-07-19,20.7,0.0,0.0,30
565,2018-07-20,24.2,0.6,0.0,39
566,2018-07-21,22.1,0.4,0.0,44
567,2018-07-22,20.4,15.4,0.0,41
568,2018-07-23,24.4,0.0,0.0,33
569,2018-07-24,26.0,5.4,0.0,43
570,2018-07-25,24.5,0.0,0.0,37
571,2018-07-26,23.3,8.0,0.0,89
572,2018-07-27,21.7,2.0,0.0,43
573,2018-07-28,19.3,0.2,0.0,46
574,2018-07-29,19.9,0.0,0.0,43
575,2018-07-30,22.0,0.0,0.0,32
576,2018-07-31,22.0,0.0,0.0,<31
577,2018-08-01,23.7,0.6,0.0,46
578,2018-08-02,24.2,0.0,0.0,39
579,2018-08-03,24.5,0.0,0.0,35
580,2018-08-04,25.7,0.0,0.0,<31
581,2018-08-05,27.0,0.0,0.0,41
582,2018-08-06,27.8,22.6,0.0,67
583,2018-08-07,24.4,6.0,0.0,39
584,2018-08-08,21.6,21.0,0.0,44
585,2018-08-09,23.1,2.4,0.0,37
586,2018-08-10,21.1,0.0,0.0,30
587,2018-08-11,21.1,4.2,0.0,<31
588,2018-08-12,23.1,0.0,0.0,<31
589,2018-08-13,23.2,0.0,0.0,<31
590,2018-08-14,26.0,0.0,0.0,41
591,2018-08-15,25.7,0.0,0.0,39
592,2018-08-16,25.1,1.4,0.0,43
593,2018-08-17,25.3,14.6,0.0,39
594,2018-08-18,22.0,0.4,0.0,<31
595,2018-08-19,21.0,0.0,0.0,<31
596,2018-08-20,21.7,0.0,0.0,32
597,2018-08-21,22.8,25.6,0.0,48
598,2018-08-22,18.3,0.8,0.0,56
599,2018-08-23,20.7,0.0,0.0,46
600,2018-08-24,20.8,0.0,0.0,39
601,2018-08-25,22.9,17.8,0.0,37
602,2018-08-26,24.5,0.0,0.0,37
603,2018-08-27,24.3,0.8,0.0,32
604,2018-08-28,28.0,0.0,0.0,57
605,2018-08-29,23.0,0.0,0.0,57
606,2018-08-30,16.8,0.0,0.0,43
607,2018-08-31,19.8,0.0,0.0,<31
608,2018-09-01,21.3,0.0,0.0,32
609,2018-09-02,26.1,0.4,0.0,39
610,2018-09-03,26.8,0.0,0.0,39
611,2018-09-04,23.9,0.0,0.0,<31
612,2018-09-05,27.9,0.4,0.0,54
613,2018-09-06,21.4,0.6,0.0,35
614,2018-09-07,19.8,0.0,0.0,35
615,2018-09-08,14.6,0.0,0.0,30
616,2018-09-09,,0.0,0.0,52
617,2018-09-10,14.1,26.2,0.0,50
618,2018-09-11,17.6,0.0,0.0,37
619,2018-09-12,18.3,0.0,0.0,<31
620,2018-09-13,20.8,0.0,0.0,33
621,2018-09-14,23.8,0.0,0.0,<31
622,2018-09-15,24.3,0.0,0.0,<31
623,2018-09-16,24.0,0.0,0.0,<31
624,2018-09-17,23.5,0.0,0.0,30
625,2018-09-18,21.5,0.0,0.0,43
626,2018-09-19,17.8,0.0,0.0,32
627,2018-09-20,16.9,0.0,0.0,37
628,2018-09-21,22.4,0.4,0.0,83
629,2018-09-22,13.2,0.0,0.0,46
630,2018-09-23,12.8,0.0,0.0,30
631,2018-09-24,14.9,2.2,0.0,43
632,2018-09-25,18.6,6.2,0.0,41
633,2018-09-26,17.6,0.0,0.0,57
634,2018-09-27,13.1,0.0,0.0,<31
635,2018-09-28,16.6,3.2,0.0,50
636,2018-09-29,12.2,0.0,0.0,41
637,2018-09-30,11.2,10.4,0.0,<31
638,2018-10-01,10.0,9.8,0.0,33
639,2018-10-02,11.2,12.6,0.0,32
640,2018-10-03,14.3,0.0,0.0,<31
641,2018-10-04,14.6,4.0,0.0,59
642,2018-10-05,8.9,0.0,0.0,41
643,2018-10-06,13.1,1.4,0.0,30
644,2018-10-07,13.1,5.2,0.0,33
645,2018-10-08,12.6,3.2,0.0,33
646,2018-10-09,21.2,0.0,0.0,32
647,2018-10-10,23.0,0.2,0.0,44
648,2018-10-11,15.0,0.0,0.0,57
649,2018-10-12,8.2,0.8,0.0,50
650,2018-10-13,6.7,1.2,0.0,43
651,2018-10-14,9.2,0.0,0.0,35
652,2018-10-15,8.0,1.0,0.0,69
653,2018-10-16,6.5,0.0,0.0,48
654,2018-10-17,5.1,0.2,0.0,72
655,2018-10-18,3.5,0.0,0.0,50
656,2018-10-19,10.6,0.0,0.0,65
657,2018-10-20,7.3,0.2,0.0,59
658,2018-10-21,3.0,0.0,0.0,56
659,2018-10-22,6.6,0.0,0.0,<31
660,2018-10-23,5.4,0.8,0.0,65
661,2018-10-24,3.6,0.4,0.0,43
662,2018-10-25,4.5,0.2,0.0,35
663,2018-10-26,6.7,0.0,0.0,46
664,2018-10-27,3.5,6.8,2.0,48
665,2018-10-28,3.5,0.8,0.4,<31
666,2018-10-29,4.1,1.0,0.0,61
667,2018-10-30,4.9,0.6,0.0,
668,2018-10-31,8.9,16.2,0.0,35
669,2018-11-01,6.2,29.6,0.0,41
670,2018-11-02,4.4,5.0,0.0,48
671,2018-11-03,3.6,1.6,0.0,46
672,2018-11-04,3.4,0.0,0.0,45
673,2018-11-05,8.8,1.8,0.0,
674,2018-11-06,12.4,7.0,0.0,72
675,2018-11-07,6.6,1.0,0.0,59
676,2018-11-08,4.1,0.4,0.0,41
677,2018-11-09,2.5,7.6,1.0,63
678,2018-11-10,-0.1,0.0,0.0,72
679,2018-11-11,0.6,0.0,0.0,39
680,2018-11-12,3.6,1.0,0.0,
681,2018-11-13,-1.3,0.8,0.4,46
682,2018-11-14,-2.2,0.0,0.0,41
683,2018-11-15,-2.4,0.0,9.0,46
684,2018-11-16,1.2,0.0,4.2,46
685,2018-11-17,-1.2,0.0,0.0,41
686,2018-11-18,-1.9,0.0,0.0,
687,2018-11-19,0.1,0.0,0.0,
688,2018-11-20,-1.2,0.0,0.4,45
689,2018-11-21,-5.8,0.0,0.0,68
690,2018-11-22,-9.6,0.0,0.0,33
691,2018-11-23,-1.7,0.0,0.0,33
692,2018-11-24,3.4,2.8,0.0,35
693,2018-11-25,5.7,0.0,0.0,37
694,2018-11-26,3.8,25.4,0.0,50
695,2018-11-27,0.4,0.2,0.6,58
696,2018-11-28,0.8,0.0,0.0,65
697,2018-11-29,0.9,0.0,0.0,42
698,2018-11-30,0.8,0.0,0.0,
699,2018-12-01,1.4,2.6,0.8,54
700,2018-12-02,6.7,3.8,0.0,42
701,2018-12-03,2.7,1.8,1.0,48
702,2018-12-04,-3.1,0.0,0.0,39
703,2018-12-05,-3.5,0.0,0.2,39
704,2018-12-06,-1.0,0.0,0.0,48
705,2018-12-07,-6.2,0.0,0.0,
706,2018-12-08,-3.3,0.0,0.0,42
707,2018-12-09,-2.9,0.0,0.0,42
708,2018-12-10,-0.1,0.0,0.0,37
709,2018-12-11,-1.8,0.0,0.2,41
710,2018-12-12,0.2,0.0,0.8,46
711,2018-12-13,0.7,0.0,0.6,
712,2018-12-14,2.2,2.6,0.0,
713,2018-12-15,1.7,0.0,0.0,
714,2018-12-16,1.7,0.0,0.0,
715,2018-12-17,0.9,0.0,0.0,65
716,2018-12-18,-3.0,0.0,0.0,32
717,2018-12-19,1.6,0.0,0.0,
718,2018-12-20,2.5,6.4,0.0,
719,2018-12-21,2.1,9.6,0.0,68
720,2018-12-22,-1.2,0.0,0.0,61
721,2018-12-23,-0.6,0.0,0.2,
722,2018-12-24,-1.3,0.0,0.0,48
723,2018-12-25,-1.5,0.0,0.0,
724,2018-12-26,-1.9,0.0,0.0,39
725,2018-12-27,-2.3,5.4,0.0,46
726,2018-12-28,7.6,1.8,0.0,58
727,2018-12-29,-2.2,0.0,0.0,48
728,2018-12-30,-3.0,0.0,1.6,33
729,2018-12-31,1.3,13.6,0.0,42
730,2019-01-01,-1.4,0.6,0.0,58.0
731,2019-01-02,-4.9,0.0,3.6,
732,2019-01-03,-1.0,0.0,0.2,46.0
733,2019-01-04,3.6,0.0,0.0,54.0
734,2019-01-05,1.2,0.0,0.0,33.0
735,2019-01-06,-1.7,0.0,0.0,52.0
736,2019-01-07,-1.4,2.8,0.0,63.0
737,2019-01-08,5.3,3.8,0.0,50.0
738,2019-01-09,-1.3,0.0,0.0,71.0
739,2019-01-10,-8.0,0.0,0.0,61.0
740,2019-01-11,-10.7,0.0,0.0,41.0
741,2019-01-12,-6.7,0.0,0.0,
742,2019-01-13,-8.7,0.0,0.0,
743,2019-01-14,-4.3,0.0,0.0,
744,2019-01-15,-2.0,0.0,0.0,54.0
745,2019-01-16,-6.3,0.0,0.4,63.0
746,2019-01-17,-8.4,0.0,0.6,
747,2019-01-18,-5.4,0.0,1.6,46.0
748,2019-01-19,-13.6,0.0,6.4,42.0
749,2019-01-20,-18.0,0.0,2.0,67.0
750,2019-01-21,-16.7,0.0,0.0,54.0
751,2019-01-22,-9.9,0.0,0.2,35.0
752,2019-01-23,2.5,7.2,3.0,37.0
753,2019-01-24,-0.4,0.4,0.2,46.0
754,2019-01-25,-7.6,0.0,1.2,72.0
755,2019-01-26,-10.5,0.0,0.4,37.0
756,2019-01-27,-11.1,0.0,10.0,63.0
757,2019-01-28,-12.7,0.0,26.4,71.0
758,2019-01-29,-8.8,0.0,7.0,58.0
759,2019-01-30,-19.0,0.0,0.2,67.0
760,2019-01-31,-18.6,0.0,0.0,58.0
761,2019-02-01,-14.6,0.0,0.0,37.0
762,2019-02-02,-6.9,0.4,0.0,33.0
763,2019-02-03,3.9,0.2,0.0,46.0
764,2019-02-04,9.2,2.2,0.0,46.0
765,2019-02-05,1.3,0.0,0.0,48.0
766,2019-02-06,-3.9,14.8,2.0,46.0
767,2019-02-07,0.2,0.6,0.0,58.0
768,2019-02-08,-2.2,0.0,0.4,89.0
769,2019-02-09,-7.0,0.0,0.0,52.0
770,2019-02-10,-6.5,0.0,0.8,
771,2019-02-11,-5.2,0.0,0.8,39.0
772,2019-02-12,-3.6,8.0,7.4,63.0
773,2019-02-13,-2.2,0.0,6.0,71.0
774,2019-02-14,-2.0,0.2,0.0,52.0
775,2019-02-15,-0.5,1.4,0.0,74.0
776,2019-02-16,-5.3,0.0,0.2,41.0
777,2019-02-17,-8.5,0.0,0.2,35.0
778,2019-02-18,-10.1,0.0,4.5,39.0
779,2019-02-19,-9.9,0.0,0.0,33.0
780,2019-02-20,-5.9,1.0,0.0,45.0
781,2019-02-21,-0.1,0.0,0.0,58.0
782,2019-02-22,-1.7,0.0,0.0,
783,2019-02-23,-1.6,0.0,0.0,45.0
784,2019-02-24,1.9,6.2,0.6,87.0
785,2019-02-25,-5.6,0.0,1.8,87.0
786,2019-02-26,-8.2,0.0,0.0,46.0
787,2019-02-27,-10.6,0.0,18.4,37.0
788,2019-02-28,-12.1,0.0,0.0,
789,2019-03-01,-7.0,0.0,0.0,
790,2019-03-02,-3.6,0.0,4.0,33.0
791,2019-03-03,-5.6,0.0,0.4,39.0
792,2019-03-04,-11.0,0.0,0.0,52.0
793,2019-03-05,-12.0,0.0,0.0,58.0
794,2019-03-06,-12.0,0.0,0.0,48.0
795,2019-03-07,-10.0,0.0,0.0,46.0
796,2019-03-08,-8.1,0.0,0.0,
797,2019-03-09,-5.4,0.8,0.0,67.0
798,2019-03-10,3.0,12.2,0.0,63.0
799,2019-03-11,0.0,0.0,0.0,63.0
800,2019-03-12,0.1,0.0,0.0,46.0
801,2019-03-13,0.7,0.4,0.0,
802,2019-03-14,5.2,9.0,0.0,48.0
803,2019-03-15,4.9,0.0,0.0,59.0
804,2019-03-16,-1.5,0.0,0.0,61.0
805,2019-03-17,-2.2,0.0,0.0,46.0
806,2019-03-18,-0.3,0.0,0.0,48.0
807,2019-03-19,0.9,0.0,0.6,37.0
808,2019-03-20,4.6,0.0,0.0,41.0
809,2019-03-21,5.4,1.2,0.0,37.0
810,2019-03-22,-0.4,0.0,0.0,80.0
811,2019-03-23,-0.9,0.0,0.0,71.0
812,2019-03-24,3.6,0.0,0.0,42.0
813,2019-03-25,-0.6,0.0,0.0,41.0
814,2019-03-26,0.2,0.0,0.0,35.0
815,2019-03-27,1.9,0.0,0.0,32.0
816,2019-03-28,5.3,0.4,0.0,48.0
817,2019-03-29,7.5,0.0,0.0,35.0
818,2019-03-30,2.3,30.2,2.0,41.0
819,2019-03-31,-0.9,0.0,1.2,59.0
820,2019-04-01,-1.1,0.0,0.0,41.0
821,2019-04-02,4.7,0.0,0.0,42.0
822,2019-04-03,3.5,0.2,0.2,80.0
823,2019-04-04,1.8,0.0,0.0,32.0
824,2019-04-05,2.0,0.0,0.0,37.0
825,2019-04-06,8.8,0.0,0.0,
826,2019-04-07,9.5,4.0,0.0,45.0
827,2019-04-08,10.1,0.0,0.0,61.0
828,2019-04-09,6.4,0.0,0.0,74.0
829,2019-04-10,4.1,0.0,0.0,41.0
830,2019-04-11,1.6,0.0,0.0,45.0
831,2019-04-12,9.0,1.8,0.0,46.0
832,2019-04-13,9.7,0.0,0.0,67.0
833,2019-04-14,2.8,27.8,0.0,46.0
834,2019-04-15,4.9,1.2,0.0,67.0
835,2019-04-16,3.4,0.4,0.0,35.0
836,2019-04-17,7.4,0.6,0.0,52.0
837,2019-04-18,13.9,1.8,0.0,58.0
838,2019-04-19,8.9,18.6,0.0,48.0
839,2019-04-20,6.7,13.0,0.0,37.0
840,2019-04-21,9.4,0.0,0.0,
841,2019-04-22,10.7,0.0,0.0,
842,2019-04-23,10.4,2.2,0.0,63.0
843,2019-04-24,8.7,0.0,0.0,54.0
844,2019-04-25,7.6,0.8,0.0,
845,2019-04-26,8.1,18.0,0.0,74.0
846,2019-04-27,4.5,0.0,0.0,72.0
847,2019-04-28,6.1,0.0,0.0,54.0
848,2019-04-29,3.2,0.6,0.2,48.0
849,2019-04-30,6.4,1.2,0.0,33.0
850,2019-05-01,6.7,14.6,0.0,54.0
851,2019-05-02,7.5,1.8,0.0,
852,2019-05-03,8.8,13.4,0.0,
853,2019-05-04,9.6,0.2,0.0,
854,2019-05-05,10.8,0.0,0.0,
855,2019-05-06,15.2,0.0,0.0,52.0
856,2019-05-07,9.7,2.6,0.0,59.0
857,2019-05-08,7.2,0.0,0.0,54.0
858,2019-05-09,12.0,6.2,0.0,67.0
859,2019-05-10,9.9,7.4,0.0,50.0
860,2019-05-11,6.9,0.0,0.0,41.0
861,2019-05-12,7.1,5.4,0.0,65.0
862,2019-05-13,,7.6,0.0,52.0
863,2019-05-14,11.0,0.4,0.0,35.0
864,2019-05-15,12.6,0.8,0.0,41.0
865,2019-05-16,11.0,0.0,0.0,39.0
866,2019-05-17,13.6,0.0,0.0,39.0
867,2019-05-18,10.9,0.0,0.0,37.0
868,2019-05-19,15.4,2.0,0.0,50.0
869,2019-05-20,11.9,0.0,0.0,59.0
870,2019-05-21,11.6,0.0,0.0,45.0
871,2019-05-22,11.3,0.6,0.0,52.0
872,2019-05-23,17.2,0.8,0.0,80.0
873,2019-05-24,16.6,0.0,0.0,42.0
874,2019-05-25,15.5,28.0,0.0,52.0
875,2019-05-26,17.8,0.0,0.0,33.0
876,2019-05-27,16.7,0.6,0.0,39.0
877,2019-05-28,11.3,4.6,0.0,68.0
878,2019-05-29,13.1,0.6,0.0,35.0
879,2019-05-30,16.3,0.0,0.0,41.0
880,2019-05-31,13.8,0.0,0.0,35.0
881,2019-06-01,16.0,1.0,0.0,41.0
882,2019-06-02,14.0,3.0,0.0,63.0
883,2019-06-03,11.6,0.0,0.0,54.0
884,2019-06-04,12.2,0.0,0.0,35.0
885,2019-06-05,14.6,11.2,0.0,33.0
886,2019-06-06,18.7,0.0,0.0,41.0
887,2019-06-07,19.0,0.0,0.0,39.0
888,2019-06-08,18.4,0.0,0.0,54.0
889,2019-06-09,19.7,0.0,0.0,45.0
890,2019-06-10,15.7,14.8,0.0,58.0
891,2019-06-11,16.5,0.0,0.0,50.0
892,2019-06-12,16.0,0.0,0.0,45.0
893,2019-06-13,14.6,22.8,0.0,41.0
894,2019-06-14,16.8,0.2,0.0,59.0
895,2019-06-15,17.2,0.4,0.0,58.0
896,2019-06-16,15.5,0.0,0.0,37.0
897,2019-06-17,17.8,0.0,0.0,39.0
898,2019-06-18,20.3,0.0,0.0,35.0
899,2019-06-19,20.8,0.0,0.0,33.0
900,2019-06-20,18.9,26.0,0.0,37.0
901,2019-06-21,18.8,0.0,0.0,41.0
902,2019-06-22,18.6,0.0,0.0,39.0
903,2019-06-23,19.3,0.0,0.0,45.0
904,2019-06-24,20.3,16.0,0.0,39.0
905,2019-06-25,21.3,0.0,0.0,50.0
906,2019-06-26,23.7,1.2,0.0,48.0
907,2019-06-27,23.0,0.0,0.0,45.0
908,2019-06-28,23.4,12.0,0.0,61.0
909,2019-06-29,23.4,0.0,0.0,45.0
910,2019-06-30,19.7,0.0,0.0,45.0
911,2019-07-01,20.8,0.0,0.0,41.0
912,2019-07-02,23.3,0.6,0.0,
913,2019-07-03,23.9,0.0,0.0,39.0
914,2019-07-04,23.7,0.0,0.0,39.0
915,2019-07-05,26.1,1.6,0.0,45.0
916,2019-07-06,26.5,0.0,0.0,46.0
917,2019-07-07,20.1,0.0,0.0,45.0
918,2019-07-08,20.2,0.0,0.0,41.0
919,2019-07-09,21.4,0.0,0.0,37.0
920,2019-07-10,22.3,0.4,0.0,39.0
921,2019-07-11,23.8,1.6,0.0,45.0
922,2019-07-12,20.5,0.0,0.0,33.0
923,2019-07-13,23.3,6.2,0.0,50.0
924,2019-07-14,22.1,0.0,0.0,37.0
925,2019-07-15,21.2,0.0,0.0,41.0
926,2019-07-16,25.2,3.6,0.0,59.0
927,2019-07-17,25.1,67.0,0.0,39.0
928,2019-07-18,25.2,0.0,0.0,41.0
929,2019-07-19,26.5,0.2,0.0,41.0
930,2019-07-20,27.6,4.6,0.0,71.0
931,2019-07-21,24.7,0.0,0.0,37.0
932,2019-07-22,20.7,5.2,0.0,39.0
933,2019-07-23,20.6,0.0,0.0,37.0
934,2019-07-24,21.0,0.0,0.0,37.0
935,2019-07-25,22.5,1.2,0.0,41.0
936,2019-07-26,23.3,0.0,0.0,54.0
937,2019-07-27,24.3,0.8,0.0,58.0
938,2019-07-28,26.4,0.0,0.0,39.0
939,2019-07-29,26.4,0.0,0.0,59.0
940,2019-07-30,24.4,11.2,0.0,37.0
941,2019-07-31,21.8,0.0,0.0,33.0
942,2019-08-01,20.8,0.0,0.0,39.0
943,2019-08-02,21.5,0.0,0.0,39.0
944,2019-08-03,22.8,0.0,0.0,41.0
945,2019-08-04,22.3,0.0,0.0,41.0
946,2019-08-05,22.3,0.0,0.0,46.0
947,2019-08-06,24.0,3.6,0.0,55.0
948,2019-08-07,22.6,0.0,0.0,39.0
949,2019-08-08,21.8,2.0,0.0,58.0
950,2019-08-09,20.1,0.0,0.0,59.0
951,2019-08-10,19.9,0.0,0.0,52.0
952,2019-08-11,21.6,0.0,0.0,35.0
953,2019-08-12,24.3,3.2,0.0,45.0
954,2019-08-13,23.5,0.0,0.0,37.0
955,2019-08-14,21.2,0.0,0.0,39.0
956,2019-08-15,19.6,1.4,0.0,41.0
957,2019-08-16,20.8,0.0,0.0,41.0
958,2019-08-17,23.2,15.8,0.0,50.0
959,2019-08-18,22.9,6.6,0.0,50.0
960,2019-08-19,22.9,0.0,0.0,41.0
961,2019-08-20,22.2,2.2,0.0,41.0
962,2019-08-21,24.9,0.6,0.0,42.0
963,2019-08-22,20.1,0.0,0.0,42.0
964,2019-08-23,18.8,0.0,0.0,41.0
965,2019-08-24,17.3,0.0,0.0,50.0
966,2019-08-25,18.9,0.0,0.0,45.0
967,2019-08-26,20.2,0.0,0.0,52.0
968,2019-08-27,20.0,9.2,0.0,52.0
969,2019-08-28,21.9,0.0,0.0,42.0
970,2019-08-29,20.3,0.0,0.0,52.0
971,2019-08-30,19.9,0.0,0.0,58.0
972,2019-08-31,17.8,0.0,0.0,37.0
973,2019-09-01,17.5,0.8,0.0,33.0
974,2019-09-02,20.3,0.6,0.0,35.0
975,2019-09-03,18.2,7.2,0.0,46.0
976,2019-09-04,16.9,0.0,0.0,55.0
977,2019-09-05,16.3,0.0,0.0,39.0
978,2019-09-06,16.8,1.2,0.0,41.0
979,2019-09-07,16.9,0.0,0.0,45.0
980,2019-09-08,13.8,0.0,0.0,39.0
981,2019-09-09,13.8,0.0,0.0,42.0
982,2019-09-10,17.6,18.2,0.0,39.0
983,2019-09-11,23.2,1.0,0.0,32.0
984,2019-09-12,16.6,0.8,0.0,45.0
985,2019-09-13,17.7,5.6,0.0,55.0
986,2019-09-14,18.0,0.0,0.0,52.0
987,2019-09-15,14.6,4.4,0.0,
988,2019-09-16,15.6,0.2,0.0,37.0
989,2019-09-17,16.9,0.0,0.0,37.0
990,2019-09-18,17.6,0.0,0.0,37.0
991,2019-09-19,19.3,0.0,0.0,41.0
992,2019-09-20,18.7,0.0,0.0,39.0
993,2019-09-21,21.8,0.0,0.0,41.0
994,2019-09-22,26.1,0.0,0.0,59.0
995,2019-09-23,20.1,0.2,0.0,52.0
996,2019-09-24,17.2,0.0,0.0,39.0
997,2019-09-25,19.7,0.0,0.0,68.0
998,2019-09-26,16.9,3.2,0.0,58.0
999,2019-09-27,15.8,0.0,0.0,58.0
1000,2019-09-28,16.4,3.0,0.0,35.0
1001,2019-09-29,11.8,0.0,0.0,52.0
1002,2019-09-30,14.9,0.0,0.0,42.0
1003,2019-10-01,23.1,12.0,0.0,55.0
1004,2019-10-02,14.3,10.2,0.0,50.0
1005,2019-10-03,10.2,2.8,0.0,50.0
1006,2019-10-04,8.0,0.0,0.0,41.0
1007,2019-10-05,8.8,0.0,0.0,54.0
1008,2019-10-06,16.6,1.8,0.0,46.0
1009,2019-10-07,12.7,0.0,0.0,39.0
1010,2019-10-08,12.3,0.0,0.0,39.0
1011,2019-10-09,11.1,0.0,0.0,42.0
1012,2019-10-10,12.0,0.0,0.0,50.0
1013,2019-10-11,13.9,0.0,0.0,46.0
1014,2019-10-12,10.0,4.2,0.0,42.0
1015,2019-10-13,10.7,0.0,0.0,59.0
1016,2019-10-14,8.6,0.0,0.0,45.0
1017,2019-10-15,8.6,0.0,0.0,45.0
1018,2019-10-16,10.0,18.2,0.0,42.0
1019,2019-10-17,7.7,0.0,0.0,68.0
1020,2019-10-18,7.3,0.0,0.0,45.0
1021,2019-10-19,6.6,0.0,0.0,37.0
1022,2019-10-20,10.6,0.0,0.0,32.0
1023,2019-10-21,10.6,1.4,0.0,61.0
1024,2019-10-22,12.9,10.6,0.0,58.0
1025,2019-10-23,10.4,0.0,0.0,54.0
1026,2019-10-24,9.1,0.6,0.0,42.0
1027,2019-10-25,7.9,0.0,0.0,35.0
1028,2019-10-26,5.8,9.2,0.0,50.0
1029,2019-10-27,10.2,25.8,0.0,67.0
1030,2019-10-28,10.4,0.0,0.0,39.0
1031,2019-10-29,11.2,0.0,0.0,32.0
1032,2019-10-30,7.7,20.6,0.0,37.0
1033,2019-10-31,7.3,18.8,0.0,89.0
1034,2019-11-01,3.3,0.0,0.0,84.0
1035,2019-11-02,4.0,0.4,0.0,52.0
1036,2019-11-03,3.6,0.0,0.0,48.0
1037,2019-11-04,7.3,1.0,0.0,61.0
1038,2019-11-05,4.5,0.0,0.0,52.0
1039,2019-11-06,1.4,0.2,0.4,42.0
1040,2019-11-07,-0.2,1.6,2.0,32.0
1041,2019-11-08,-2.6,0.0,0.0,
1042,2019-11-09,-0.4,0.0,0.0,50.0
1043,2019-11-10,3.1,0.4,0.2,45.0
1044,2019-11-11,-3.9,0.0,13.6,45.0
1045,2019-11-12,-7.6,0.0,0.2,45.0
1046,2019-11-13,-7.8,0.0,2.0,35.0
1047,2019-11-14,-1.0,0.0,0.4,41.0
1048,2019-11-15,-1.6,0.0,0.0,46.0
1049,2019-11-16,-6.8,0.0,0.0,42.0
1050,2019-11-17,-2.3,0.0,0.0,33.0
1051,2019-11-18,0.5,8.8,0.4,32.0
1052,2019-11-19,2.3,0.2,0.0,
1053,2019-11-20,3.7,0.0,0.0,
1054,2019-11-21,4.8,4.2,0.0,46.0
1055,2019-11-22,3.9,0.0,0.0,65.0
1056,2019-11-23,1.8,0.0,0.0,45.0
1057,2019-11-24,1.7,0.0,0.0,35.0
1058,2019-11-25,4.8,0.0,0.0,32.0
1059,2019-11-26,6.4,0.0,0.0,39.0
1060,2019-11-27,7.1,6.4,0.0,65.0
1061,2019-11-28,1.5,0.0,0.0,65.0
1062,2019-11-29,-2.1,0.0,0.0,
1063,2019-11-30,-2.7,0.0,0.0,48.0
1064,2019-12-01,-2.5,2.0,3.0,74.0
1065,2019-12-02,-4.0,0.0,9.4,41.0
1066,2019-12-03,-4.3,0.0,0.6,
1067,2019-12-04,1.3,0.0,0.0,45.0
1068,2019-12-05,-0.9,0.0,0.4,59.0
1069,2019-12-06,-2.9,0.0,5.4,33.0
1070,2019-12-07,-4.3,0.0,0.0,32.0
1071,2019-12-08,1.7,0.0,0.0,48.0
1072,2019-12-09,7.6,6.0,0.0,41.0
1073,2019-12-10,1.5,0.6,0.0,65.0
1074,2019-12-11,-5.7,0.0,0.0,71.0
1075,2019-12-12,-5.0,0.0,0.0,37.0
1076,2019-12-13,2.3,0.0,0.0,41.0
1077,2019-12-14,1.6,18.0,2.6,52.0
1078,2019-12-15,-2.6,0.0,0.0,63.0
1079,2019-12-16,-2.3,0.0,0.0,
1080,2019-12-17,-1.2,0.0,0.0,33.0
1081,2019-12-18,-9.1,0.0,0.8,50.0
1082,2019-12-19,-11.4,0.0,5.0,
1083,2019-12-20,-7.4,0.0,0.0,
1084,2019-12-21,-3.0,0.0,0.0,33.0
1085,2019-12-22,3.1,0.0,0.0,35.0
1086,2019-12-23,4.5,0.0,0.0,39.0
1087,2019-12-24,-1.4,0.0,0.0,42.0
1088,2019-12-25,0.6,0.0,0.0,
1089,2019-12-26,2.4,0.0,0.0,42.0
1090,2019-12-27,6.9,0.0,0.0,48.0
1091,2019-12-28,3.0,0.2,0.0,32.0
1092,2019-12-29,1.1,7.8,0.0,55.0
1093,2019-12-30,5.6,8.0,0.0,80.0
1094,2019-12-31,0.4,0.0,2.0,54.0
1095,2020-01-01,-1.7,0.0,0.0,42.0
1096,2020-01-02,3.0,0.0,0.0,46.0
1097,2020-01-03,4.6,0.0,0.0,35.0
1098,2020-01-04,0.9,0.0,2.4,45.0
1099,2020-01-05,-0.8,0.0,3.6,45.0
1100,2020-01-06,-1.7,0.0,0.0,61.0
1101,2020-01-07,-0.8,0.0,0.0,39.0
1102,2020-01-08,-5.1,0.0,2.0,65.0
1103,2020-01-09,-4.9,0.0,0.2,48.0
1104,2020-01-10,4.5,1.8,0.0,58.0
1105,2020-01-11,6.8,59.0,0.0,42.0
1106,2020-01-12,-2.3,16.6,1.0,58.0
1107,2020-01-13,-1.7,0.0,0.4,39.0
1108,2020-01-14,1.4,0.0,0.0,46.0
1109,2020-01-15,2.6,0.0,0.0,45.0
1110,2020-01-16,-5.0,0.0,0.2,55.0
1111,2020-01-17,-11.5,0.0,0.0,
1112,2020-01-18,-2.8,0.2,17.2,52.0
1113,2020-01-19,-5.6,0.0,2.4,46.0
1114,2020-01-20,-10.4,0.0,0.0,32.0
1115,2020-01-21,-5.8,0.0,0.0,35.0
1116,2020-01-22,-3.6,0.0,0.0,45.0
1117,2020-01-23,-1.2,0.0,0.0,
1118,2020-01-24,1.0,18.6,0.0,54.0
1119,2020-01-25,2.6,8.6,0.0,55.0
1120,2020-01-26,2.0,0.8,0.2,37.0
1121,2020-01-27,0.6,0.0,0.0,37.0
1122,2020-01-28,-0.1,0.0,0.0,37.0
1123,2020-01-29,-4.9,0.0,0.0,32.0
1124,2020-01-30,-5.1,0.0,0.0,33.0
1125,2020-01-31,-2.0,0.0,0.8,
1126,2020-02-01,-1.6,0.0,1.6,32.0
1127,2020-02-02,0.0,0.0,4.2,32.0
1128,2020-02-03,3.1,0.0,0.0,52.0
1129,2020-02-04,-1.2,0.0,0.0,54.0
1130,2020-02-05,-5.6,0.0,1.0,54.0
1131,2020-02-06,-4.5,0.0,6.6,41.0
1132,2020-02-07,-6.8,0.0,3.0,52.0
1133,2020-02-08,-11.0,0.0,0.0,
1134,2020-02-09,-5.0,0.0,8.4,45.0
1135,2020-02-10,1.6,0.0,0.2,
1136,2020-02-11,-0.1,0.0,0.0,45.0
1137,2020-02-12,-1.6,0.0,0.8,42.0
1138,2020-02-13,-8.7,0.0,5.0,52.0
1139,2020-02-14,-14.9,0.0,0.0,35.0
1140,2020-02-15,-5.8,0.0,0.2,58.0
1141,2020-02-16,0.1,0.0,0.0,42.0
1142,2020-02-17,-3.1,0.0,0.0,48.0
1143,2020-02-18,1.9,0.2,5.6,58.0
1144,2020-02-19,-3.9,0.0,0.0,48.0
1145,2020-02-20,-7.8,0.0,0.0,37.0
1146,2020-02-21,-5.0,0.0,0.0,48.0
1147,2020-02-22,0.7,0.0,0.0,42.0
1148,2020-02-23,4.5,0.0,0.0,50.0
1149,2020-02-24,4.3,0.0,0.0,
1150,2020-02-25,2.4,0.8,1.4,33.0
1151,2020-02-26,-0.8,0.0,11.4,41.0
1152,2020-02-27,-4.9,0.0,2.4,87.0
1153,2020-02-28,-7.2,0.0,1.6,67.0
1154,2020-02-29,-8.9,0.0,0.0,46.0
1155,2020-03-01,-4.2,0.0,0.0,41.0
1156,2020-03-02,3.8,0.2,0.0,45.0
1157,2020-03-03,2.3,8.8,0.0,41.0
1158,2020-03-04,3.4,0.0,0.0,55.0
1159,2020-03-05,1.2,0.0,0.0,45.0
1160,2020-03-06,0.1,0.0,1.8,48.0
1161,2020-03-07,-1.7,0.0,0.0,35.0
1162,2020-03-08,6.3,0.0,0.0,46.0
1163,2020-03-09,12.5,0.0,0.0,50.0
1164,2020-03-10,5.2,3.6,0.0,55.0
1165,2020-03-11,0.9,0.0,0.0,42.0
1166,2020-03-12,3.0,0.0,0.0,37.0
1167,2020-03-13,4.8,2.8,0.0,78.0
1168,2020-03-14,1.2,0.0,0.0,54.0
1169,2020-03-15,-0.3,0.0,0.0,39.0
1170,2020-03-16,-0.6,0.0,1.0,46.0
1171,2020-03-17,3.7,0.0,0.0,55.0
1172,2020-03-18,0.7,1.0,0.0,41.0
1173,2020-03-19,4.7,2.6,0.0,37.0
1174,2020-03-20,7.1,3.6,0.0,78.0
1175,2020-03-21,-3.9,0.0,0.0,42.0
1176,2020-03-22,-3.3,0.0,0.0,48.0
1177,2020-03-23,1.7,4.4,3.8,
1178,2020-03-24,3.1,0.0,0.0,33.0
1179,2020-03-25,5.7,0.0,0.0,39.0
1180,2020-03-26,7.6,0.0,0.0,41.0
1181,2020-03-27,5.2,0.0,0.0,37.0
1182,2020-03-28,5.3,2.4,0.0,59.0
1183,2020-03-29,11.5,15.2,0.0,81.0
1184,2020-03-30,6.8,2.0,0.0,48.0
1185,2020-03-31,5.5,0.2,0.0,48.0
1186,2020-04-01,5.6,0.0,0.0,39.0
1187,2020-04-02,8.3,0.0,0.0,46.0
1188,2020-04-03,6.6,0.0,0.0,39.0
1189,2020-04-04,8.3,0.2,0.0,35.0
1190,2020-04-05,6.1,0.0,0.0,42.0
1191,2020-04-06,7.0,0.0,0.0,42.0
1192,2020-04-07,9.1,6.0,0.0,39.0
1193,2020-04-08,9.7,1.8,0.0,48.0
1194,2020-04-09,5.1,8.6,0.4,72.0
1195,2020-04-10,3.9,0.0,0.0,65.0
1196,2020-04-11,3.7,0.0,0.0,46.0
1197,2020-04-12,8.8,0.6,0.0,33.0
1198,2020-04-13,8.4,12.8,0.0,78.0
1199,2020-04-14,1.9,0.0,0.0,59.0
1200,2020-04-15,-0.2,0.0,0.0,45.0
1201,2020-04-16,0.1,0.0,0.0,63.0
1202,2020-04-17,2.0,0.0,0.0,48.0
1203,2020-04-18,4.2,0.0,0.0,50.0
1204,2020-04-19,6.1,0.4,0.0,58.0
1205,2020-04-20,1.7,0.0,0.0,41.0
1206,2020-04-21,2.9,1.0,0.0,76.0
1207,2020-04-22,1.8,0.0,0.0,58.0
1208,2020-04-23,2.2,0.0,0.0,46.0
1209,2020-04-24,7.1,0.0,0.0,37.0
1210,2020-04-25,6.6,0.0,0.0,45.0
1211,2020-04-26,8.6,2.0,0.0,61.0
1212,2020-04-27,8.9,0.0,0.0,45.0
1213,2020-04-28,10.3,0.0,0.0,46.0
1214,2020-04-29,11.1,1.0,0.0,61.0
1215,2020-04-30,11.8,6.2,0.0,54.0
1216,2020-05-01,11.4,1.2,0.0,45.0
1217,2020-05-02,10.6,0.6,0.0,41.0
1218,2020-05-03,13.8,0.0,0.0,61.0
1219,2020-05-04,6.6,0.0,0.0,52.0
1220,2020-05-05,5.4,0.0,0.0,32.0
1221,2020-05-06,7.7,0.0,0.0,46.0
1222,2020-05-07,7.4,0.4,0.0,59.0
1223,2020-05-08,0.9,0.0,0.0,54.0
1224,2020-05-09,1.1,0.0,0.4,68.0
1225,2020-05-10,3.4,0.4,0.0,
1226,2020-05-11,3.1,4.4,2.8,45.0
1227,2020-05-12,2.4,0.0,0.0,50.0
1228,2020-05-13,4.9,0.0,0.0,33.0
1229,2020-05-14,9.6,3.4,0.0,
1230,2020-05-15,13.4,3.4,0.0,37.0
1231,2020-05-16,12.2,0.0,0.0,33.0
1232,2020-05-17,11.8,2.0,0.0,48.0
1233,2020-05-18,13.2,10.8,0.0,50.0
1234,2020-05-19,14.8,0.0,0.0,54.0
1235,2020-05-20,14.4,0.0,0.0,42.0
1236,2020-05-21,14.1,0.0,0.0,
1237,2020-05-22,16.8,0.0,0.0,
1238,2020-05-23,18.8,0.0,0.0,
1239,2020-05-24,20.6,0.4,0.0,37.0
1240,2020-05-25,24.4,0.0,0.0,33.0
1241,2020-05-26,23.7,0.0,0.0,33.0
1242,2020-05-27,23.8,0.0,0.0,32.0
1243,2020-05-28,20.5,6.6,0.0,
1244,2020-05-29,18.4,6.2,0.0,59.0
1245,2020-05-30,13.4,0.0,0.0,54.0
1246,2020-05-31,11.5,0.2,0.0,58.0
1247,2020-06-01,15.8,0.0,0.0,52.0
1248,2020-06-02,20.1,10.4,0.0,55.0
1249,2020-06-03,20.4,5.4,0.0,48.0
1250,2020-06-04,22.8,0.0,0.0,42.0
1251,2020-06-05,22.7,2.6,0.0,59.0
1252,2020-06-06,20.0,0.0,0.0,58.0
1253,2020-06-07,16.0,0.0,0.0,37.0
1254,2020-06-08,16.4,0.0,0.0,
1255,2020-06-09,23.6,0.0,0.0,32.0
1256,2020-06-10,24.5,24.4,0.0,68.0
1257,2020-06-11,19.9,0.0,0.0,65.0
1258,2020-06-12,13.6,0.0,0.0,65.0
1259,2020-06-13,13.4,0.0,0.0,41.0
1260,2020-06-14,12.9,0.0,0.0,39.0
1261,2020-06-15,15.0,0.0,0.0,39.0
1262,2020-06-16,17.1,0.0,0.0,
1263,2020-06-17,20.1,0.0,0.0,
1264,2020-06-18,22.3,0.0,0.0,
1265,2020-06-19,23.7,0.0,0.0,
1266,2020-06-20,24.8,0.0,0.0,
1267,2020-06-21,25.0,0.0,0.0,33.0
1268,2020-06-22,25.0,0.2,0.0,33.0
1269,2020-06-23,21.5,4.0,0.0,55.0
1270,2020-06-24,19.4,0.0,0.0,61.0
1271,2020-06-25,18.9,0.0,0.0,46.0
1272,2020-06-26,22.5,0.0,0.0,46.0
1273,2020-06-27,24.3,2.8,0.0,46.0
1274,2020-06-28,23.3,0.0,0.0,42.0
1275,2020-06-29,25.5,0.0,0.0,33.0
1276,2020-06-30,23.4,0.0,0.0,35.0
1277,2020-07-01,24.4,0.0,0.0,
1278,2020-07-02,28.3,0.0,0.0,41.0
1279,2020-07-03,27.4,0.0,0.0,45.0
1280,2020-07-04,26.1,0.0,0.0,41.0
1281,2020-07-05,26.3,0.0,0.0,39.0
1282,2020-07-06,26.0,0.0,0.0,
1283,2020-07-07,27.8,0.0,0.0,37.0
1284,2020-07-08,28.4,6.2,0.0,71.0
1285,2020-07-09,28.4,0.0,0.0,42.0
1286,2020-07-10,26.5,16.6,0.0,48.0
1287,2020-07-11,24.3,21.0,0.0,59.0
1288,2020-07-12,23.1,0.0,0.0,39.0
1289,2020-07-13,21.7,1.0,0.0,45.0
1290,2020-07-14,22.1,0.0,0.0,
1291,2020-07-15,23.3,0.0,0.0,
1292,2020-07-16,23.7,2.8,0.0,33.0
1293,2020-07-17,25.8,0.0,0.0,35.0
1294,2020-07-18,26.7,0.0,0.0,45.0
1295,2020-07-19,26.6,9.0,0.0,76.0
1296,2020-07-20,23.7,0.0,0.0,50.0
1297,2020-07-21,20.8,0.0,0.0,
1298,2020-07-22,23.5,9.6,0.0,32.0
1299,2020-07-23,23.0,0.0,0.0,35.0
1300,2020-07-24,22.6,0.0,0.0,
1301,2020-07-25,23.9,0.0,0.0,37.0
1302,2020-07-26,26.6,0.0,0.0,48.0
1303,2020-07-27,27.3,0.8,0.0,54.0
1304,2020-07-28,24.3,0.0,0.0,50.0
1305,2020-07-29,25.1,0.6,0.0,41.0
1306,2020-07-30,22.5,0.0,0.0,39.0
1307,2020-07-31,23.5,0.0,0.0,
1308,2020-08-01,24.4,3.8,0.0,37.0
1309,2020-08-02,24.0,37.0,0.0,67.0
1310,2020-08-03,21.0,26.8,0.0,54.0
1311,2020-08-04,21.2,10.4,0.0,54.0
1312,2020-08-05,19.1,0.0,0.0,52.0
1313,2020-08-06,18.6,0.0,0.0,
1314,2020-08-07,20.1,0.0,0.0,
1315,2020-08-08,21.5,0.0,0.0,
1316,2020-08-09,25.5,0.0,0.0,41.0
1317,2020-08-10,27.0,0.0,0.0,41.0
1318,2020-08-11,22.3,0.0,0.0,45.0
1319,2020-08-12,22.5,0.0,0.0,37.0
1320,2020-08-13,24.0,0.0,0.0,
1321,2020-08-14,24.7,0.0,0.0,35.0
1322,2020-08-15,22.5,0.0,0.0,
1323,2020-08-16,22.2,1.0,0.0,33.0
1324,2020-08-17,21.2,4.8,0.0,48.0
1325,2020-08-18,19.6,0.8,0.0,52.0
1326,2020-08-19,17.5,0.0,0.0,39.0
1327,2020-08-20,19.3,0.0,0.0,45.0
1328,2020-08-21,24.0,0.0,0.0,45.0
1329,2020-08-22,25.0,0.0,0.0,
1330,2020-08-23,25.1,0.0,0.0,42.0
1331,2020-08-24,26.6,0.0,0.0,42.0
1332,2020-08-25,22.5,0.0,0.0,54.0
1333,2020-08-26,17.7,4.4,0.0,
1334,2020-08-27,24.1,0.0,0.0,55.0
1335,2020-08-28,20.4,0.2,0.0,33.0
1336,2020-08-29,21.6,1.8,0.0,68.0
1337,2020-08-30,18.8,0.0,0.0,35.0
1338,2020-08-31,19.9,0.0,0.0,39.0
1339,2020-09-01,23.4,10.4,0.0,39.0
1340,2020-09-02,23.1,1.6,0.0,58.0
1341,2020-09-03,21.8,2.0,0.0,59.0
1342,2020-09-04,17.7,0.2,0.0,59.0
1343,2020-09-05,16.3,0.0,0.0,35.0
1344,2020-09-06,15.7,0.0,0.0,32.0
1345,2020-09-07,20.4,5.2,0.0,63.0
1346,2020-09-08,15.5,0.0,0.0,
1347,2020-09-09,16.1,0.0,0.0,
1348,2020-09-10,16.4,0.0,0.0,41.0
1349,2020-09-11,14.6,0.0,0.0,
1350,2020-09-12,15.9,0.0,0.0,33.0
1351,2020-09-13,20.0,3.8,0.0,59.0
1352,2020-09-14,12.1,0.0,0.0,45.0
1353,2020-09-15,12.4,0.0,0.0,33.0
1354,2020-09-16,19.8,0.0,0.0,42.0
1355,2020-09-17,13.4,0.0,0.0,41.0
1356,2020-09-18,10.6,0.0,0.0,50.0
1357,2020-09-19,8.8,0.0,0.0,32.0
1358,2020-09-20,13.0,0.0,0.0,35.0
1359,2020-09-21,11.8,0.0,0.0,32.0
1360,2020-09-22,14.1,0.0,0.0,
1361,2020-09-23,19.9,0.0,0.0,41.0
1362,2020-09-24,18.5,2.0,0.0,35.0
1363,2020-09-25,19.3,0.0,0.0,
1364,2020-09-26,19.0,0.0,0.0,39.0
1365,2020-09-27,23.4,0.0,0.0,42.0
1366,2020-09-28,20.7,8.4,0.0,54.0
1367,2020-09-29,15.9,2.2,0.0,41.0
1368,2020-09-30,14.6,5.0,0.0,61.0
1369,2020-10-01,13.1,0.0,0.0,48.0
1370,2020-10-02,10.5,0.0,0.0,35.0
1371,2020-10-03,8.2,4.0,0.0,
1372,2020-10-04,8.6,3.2,0.0,
1373,2020-10-05,11.2,0.0,0.0,
1374,2020-10-06,13.7,0.0,0.0,52.0
1375,2020-10-07,13.9,2.6,0.0,84.0
1376,2020-10-08,10.9,0.8,0.0,59.0
1377,2020-10-09,10.6,0.0,0.0,35.0
1378,2020-10-10,15.0,0.4,0.0,50.0
1379,2020-10-11,8.6,0.0,0.0,41.0
1380,2020-10-12,12.0,0.2,0.0,39.0
1381,2020-10-13,14.1,7.8,0.0,46.0
1382,2020-10-14,11.9,0.0,0.0,35.0
1383,2020-10-15,12.1,11.6,0.0,58.0
1384,2020-10-16,7.4,0.0,0.0,41.0
1385,2020-10-17,8.1,0.0,0.0,39.0
1386,2020-10-18,10.3,2.0,0.0,46.0
1387,2020-10-19,7.0,8.6,0.0,33.0
1388,2020-10-20,8.8,1.2,0.0,33.0
1389,2020-10-21,12.2,5.0,0.0,55.0
1390,2020-10-22,10.4,2.0,0.0,32.0
1391,2020-10-23,16.5,2.6,0.0,63.0
1392,2020-10-24,5.5,0.0,0.0,55.0
1393,2020-10-25,4.1,0.0,0.0,35.0
1394,2020-10-26,5.3,1.6,0.0,
1395,2020-10-27,4.4,5.2,0.0,
1396,2020-10-28,7.1,0.0,0.0,45.0
1397,2020-10-29,6.5,1.6,0.0,39.0
1398,2020-10-30,-1.0,0.0,0.0,33.0
1399,2020-10-31,0.7,0.0,0.0,35.0
1400,2020-11-01,5.6,2.2,1.0,76.0
1401,2020-11-02,2.6,0.0,0.0,81.0
1402,2020-11-03,5.5,0.0,0.0,52.0
1403,2020-11-04,10.7,0.0,0.0,45.0
1404,2020-11-05,15.3,0.0,0.0,35.0
1405,2020-11-06,15.0,0.0,0.0,35.0
1406,2020-11-07,15.2,0.0,0.0,35.0
1407,2020-11-08,13.2,0.0,0.0,
1408,2020-11-09,13.2,0.0,0.0,
1409,2020-11-10,16.1,0.0,0.0,35.0
1410,2020-11-11,11.9,0.6,0.0,46.0
1411,2020-11-12,6.8,0.0,0.0,
1412,2020-11-13,6.2,0.0,0.0,46.0
1413,2020-11-14,3.9,0.0,0.0,39.0
1414,2020-11-15,8.2,10.4,0.0,91.0
1415,2020-11-16,2.6,0.2,0.0,68.0
1416,2020-11-17,-1.2,0.0,0.6,74.0
1417,2020-11-18,-2.4,0.0,0.0,
1418,2020-11-19,8.3,0.0,0.0,59.0
1419,2020-11-20,12.0,0.0,0.0,52.0
1420,2020-11-21,3.2,0.0,0.0,42.0
1421,2020-11-22,0.5,0.0,19.4,41.0
1422,2020-11-23,-0.4,0.0,0.0,41.0
1423,2020-11-24,0.2,0.0,1.0,37.0
1424,2020-11-25,4.8,6.8,0.0,
1425,2020-11-26,9.3,1.2,0.0,41.0
1426,2020-11-27,6.4,0.0,0.0,
1427,2020-11-28,4.4,0.0,0.0,41.0
1428,2020-11-29,5.8,0.0,0.0,39.0
1429,2020-11-30,2.3,20.6,1.4,58.0
1430,2020-12-01,-1.2,0.0,9.8,55.0
1431,2020-12-02,1.2,,,52.0
1432,2020-12-03,1.3,,,46.0
1433,2020-12-04,1.6,,,32.0
1434,2020-12-05,-1.4,,,48.0
1435,2020-12-06,-2.8,,,39.0
1436,2020-12-07,-2.7,,,45.0
1437,2020-12-08,-2.4,,,39.0
1438,2020-12-09,2.3,0.2,4.2,42.0
1439,2020-12-10,3.4,0.0,0.0,
1440,2020-12-11,5.1,0.0,0.0,
1441,2020-12-12,6.3,8.0,0.0,46.0
1442,2020-12-13,2.3,0.0,0.0,54.0
1443,2020-12-14,-0.4,0.0,0.0,59.0
1444,2020-12-15,-5.1,0.0,0.2,37.0
1445,2020-12-16,-7.2,0.0,1.4,52.0
1446,2020-12-17,-5.4,0.0,0.6,
1447,2020-12-18,-5.5,0.0,0.0,
1448,2020-12-19,0.3,0.4,1.8,
1449,2020-12-20,2.3,1.2,0.0,48.0
1450,2020-12-21,1.5,0.2,0.0,
1451,2020-12-22,1.0,0.0,0.0,61.0
1452,2020-12-23,3.4,1.8,0.0,39.0
1453,2020-12-24,3.4,6.8,4.4,50.0
1454,2020-12-25,-2.9,0.0,8.6,58.0
1455,2020-12-26,-4.0,0.0,1.6,54.0
1456,2020-12-27,-0.6,0.8,0.2,41.0
1457,2020-12-28,0.4,5.0,0.2,67.0
1458,2020-12-29,-3.4,0.0,0.0,37.0
1459,2020-12-30,0.7,1.6,1.6,59.0
1460,2020-12-31,-0.8,0.0,0.0,54.0
1461,2021-01-01,-1.3,5.4,3.0,46.0
1462,2021-01-02,-0.7,3.8,4.0,42.0
1463,2021-01-03,0.2,0.0,1.4,
1464,2021-01-04,0.2,0.0,0.0,
1465,2021-01-05,0.5,0.0,0.2,
1466,2021-01-06,0.4,0.0,0.2,46.0
1467,2021-01-07,-3.9,0.0,0.0,39.0
1468,2021-01-08,-6.4,0.0,0.0,35.0
1469,2021-01-09,-0.5,0.0,0.0,33.0
1470,2021-01-10,-1.9,0.0,0.0,
1471,2021-01-11,-3.0,0.0,0.0,41.0
1472,2021-01-12,-1.7,0.0,0.0,32.0
1473,2021-01-13,0.9,0.0,0.0,39.0
1474,2021-01-14,1.9,0.0,0.0,33.0
1475,2021-01-15,3.4,5.0,0.0,48.0
1476,2021-01-16,1.1,0.0,0.0,48.0
1477,2021-01-17,0.8,0.0,0.6,48.0
1478,2021-01-18,-1.9,0.0,0.0,45.0
1479,2021-01-19,,0.0,0.6,58.0
1480,2021-01-20,-5.0,0.0,0.0,45.0
1481,2021-01-21,0.7,0.0,0.2,46.0
1482,2021-01-22,-3.4,0.0,0.4,58.0
1483,2021-01-23,-8.7,0.0,0.0,48.0
1484,2021-01-24,-5.0,0.0,0.0,
1485,2021-01-25,-0.9,0.0,0.0,
1486,2021-01-26,-2.6,0.2,9.2,50.0
1487,2021-01-27,-6.8,0.0,0.0,35.0
1488,2021-01-28,-10.8,0.0,0.0,58.0
1489,2021-01-29,-10.9,0.0,0.2,41.0
1490,2021-01-30,-8.0,0.0,0.0,
1491,2021-01-31,-7.9,0.0,0.0,46.0
1492,2021-02-01,-7.5,0.0,0.0,33.0
1493,2021-02-02,-5.3,0.0,0.0,67.0
1494,2021-02-03,-2.9,0.0,0.0,61.0
1495,2021-02-04,-1.5,0.0,1.4,42.0
1496,2021-02-05,-3.2,2.8,2.4,65.0
1497,2021-02-06,-7.7,0.0,0.0,61.0
1498,2021-02-07,-9.8,0.0,0.6,46.0
1499,2021-02-08,-10.0,0.0,0.4,
1500,2021-02-09,-7.1,0.0,1.2,
1501,2021-02-10,-9.3,0.0,0.0,
1502,2021-02-11,-8.0,0.0,0.0,35.0
1503,2021-02-12,-11.3,0.0,2.2,
1504,2021-02-13,-11.5,0.0,4.8,
1505,2021-02-14,-9.4,0.0,0.4,
1506,2021-02-15,-7.0,0.0,3.2,46.0
1507,2021-02-16,-11.2,0.0,8.8,54.0
1508,2021-02-17,,,,
1509,2021-02-18,,,,
1510,2021-02-19,-4.9,0.0,7.8,
1511,2021-02-20,-6.6,0.0,0.4,50.0
1512,2021-02-21,-7.0,0.0,0.0,
1513,2021-02-22,0.6,0.6,5.4,59.0
1514,2021-02-23,1.8,0.0,0.2,50.0
1515,2021-02-24,3.9,0.0,0.0,67.0
1516,2021-02-25,-1.4,0.0,0.0,54.0
1517,2021-02-26,-1.6,0.0,0.0,
1518,2021-02-27,2.6,6.2,0.0,52.0
1519,2021-02-28,2.4,1.0,0.0,46.0
1520,2021-03-01,-2.2,0.0,0.0,84.0
1521,2021-03-02,-6.7,0.0,0.0,45.0
1522,2021-03-03,2.2,0.0,0.0,39.0
1523,2021-03-04,-3.6,0.0,0.0,58.0
1524,2021-03-05,-4.4,0.0,0.0,67.0
1525,2021-03-06,-4.7,0.0,0.0,48.0
1526,2021-03-07,-5.4,0.0,0.0,
1527,2021-03-08,0.2,0.0,0.2,37.0
1528,2021-03-09,4.2,0.0,0.0,
1529,2021-03-10,6.5,0.0,0.0,37.0
1530,2021-03-11,12.4,2.0,0.0,85.0
1531,2021-03-12,3.3,0.0,0.0,76.0
1532,2021-03-13,-0.7,0.0,0.0,48.0
1533,2021-03-14,-1.3,0.0,0.0,74.0
1534,2021-03-15,-5.0,0.0,0.0,37.0
1535,2021-03-16,0.8,0.0,0.0,43.0
1536,2021-03-17,5.1,0.0,0.0,
1537,2021-03-18,2.3,0.4,0.0,55.0
1538,2021-03-19,-0.8,0.0,0.0,37.0
1539,2021-03-20,6.3,0.0,0.0,33.0
1540,2021-03-21,6.5,0.0,0.0,
1541,2021-03-22,7.6,0.0,0.0,
1542,2021-03-23,8.2,0.0,0.0,
1543,2021-03-24,12.1,0.8,0.0,31.0
1544,2021-03-25,14.5,1.0,0.0,41.0
1545,2021-03-26,6.9,34.6,0.0,72.0
1546,2021-03-27,5.8,0.2,0.0,
1547,2021-03-28,6.2,6.2,0.0,74.0
1548,2021-03-29,3.2,0.0,0.0,61.0
1549,2021-03-30,10.4,0.0,0.0,64.0
1550,2021-03-31,7.4,0.0,0.0,49.0
1551,2021-04-01,-0.2,0.0,0.0,63.0
1552,2021-04-02,0.3,0.0,0.0,54.0
1553,2021-04-03,2.2,0.0,0.0,55.0
1554,2021-04-04,6.8,0.0,0.0,
1555,2021-04-05,7.8,0.0,0.0,
1556,2021-04-06,8.0,0.0,0.0,
1557,2021-04-07,11.1,0.0,0.0,35.0
1558,2021-04-08,14.6,0.0,0.0,48.0
1559,2021-04-09,15.6,0.2,0.0,31.0
1560,2021-04-10,15.4,0.2,0.0,35.0
1561,2021-04-11,13.5,13.4,0.0,47.0
1562,2021-04-12,9.2,6.2,0.0,40.0
1563,2021-04-13,10.2,0.0,0.0,
1564,2021-04-14,10.3,0.6,0.0,41.0
1565,2021-04-15,6.3,1.8,0.0,37.0
1566,2021-04-16,7.4,0.4,0.0,42.0
1567,2021-04-17,7.6,0.2,0.0,
1568,2021-04-18,9.0,0.6,0.0,40.0
1569,2021-04-19,9.4,1.6,0.0,57.0
1570,2021-04-20,2.1,0.0,0.8,49.0
1571,2021-04-21,1.1,0.0,3.4,52.0
1572,2021-04-22,1.4,0.0,0.2,60.0
1573,2021-04-23,8.8,0.0,0.0,58.0
1574,2021-04-24,11.7,0.0,0.0,35.0
1575,2021-04-25,6.2,1.0,0.0,58.0
1576,2021-04-26,4.3,1.2,0.0,41.0
1577,2021-04-27,9.1,3.6,0.0,
1578,2021-04-28,12.8,6.6,0.0,
1579,2021-04-29,9.3,13.8,0.0,41.0
1580,2021-04-30,6.3,0.0,0.0,80.0
1581,2021-05-01,7.5,0.0,0.0,54.0
1582,2021-05-02,12.0,0.0,0.0,
1583,2021-05-03,10.5,2.4,0.0,45.0
1584,2021-05-04,9.9,3.4,0.0,37.0
1585,2021-05-05,8.3,1.2,0.0,47.0
1586,2021-05-06,8.3,0.0,0.0,36.0
1587,2021-05-07,5.9,0.0,0.0,
1588,2021-05-08,8.9,0.0,0.0,45.0
1589,2021-05-09,6.7,0.0,0.0,31.0
1590,2021-05-10,7.7,0.0,0.0,51.0
1591,2021-05-11,5.6,0.0,0.0,55.0
1592,2021-05-12,11.2,0.0,0.0,48.0
1593,2021-05-13,13.4,0.0,0.0,40.0
1594,2021-05-14,13.9,0.0,0.0,36.0
1595,2021-05-15,14.2,0.0,0.0,43.0
1596,2021-05-16,15.6,0.0,0.0,32.0
1597,2021-05-17,16.1,0.0,0.0,31.0
1598,2021-05-18,20.2,0.0,0.0,33.0
1599,2021-05-19,20.2,0.0,0.0,
1600,2021-05-20,23.2,0.0,0.0,
1601,2021-05-21,23.7,0.0,0.0,41.0
1602,2021-05-22,23.5,0.0,0.0,42.0
1603,2021-05-23,19.7,0.0,0.0,44.0
1604,2021-05-24,16.8,0.0,0.0,
1605,2021-05-25,23.4,0.0,0.0,58.0
1606,2021-05-26,17.7,0.6,0.0,56.0
1607,2021-05-27,13.4,0.0,0.0,39.0
1608,2021-05-28,6.0,14.0,0.2,42.0
1609,2021-05-29,9.8,0.0,0.0,42.0
1610,2021-05-30,12.7,0.0,0.0,41.0
1611,2021-05-31,15.7,0.0,0.0,40.0
1612,2021-06-01,20.1,0.0,0.0,48.0
1613,2021-06-02,19.1,4.4,0.0,
1614,2021-06-03,18.5,2.6,0.0,
1615,2021-06-04,22.0,0.0,0.0,37.0
1616,2021-06-05,26.1,0.0,0.0,60.0
1617,2021-06-06,26.7,0.0,0.0,47.0
1618,2021-06-07,25.7,0.0,0.0,45.0
1619,2021-06-08,23.7,10.2,0.0,
1620,2021-06-09,24.5,0.0,0.0,
1621,2021-06-10,21.5,0.0,0.0,36.0
1622,2021-06-11,21.3,0.0,0.0,31.0
1623,2021-06-12,21.3,0.0,0.0,31.0
1624,2021-06-13,22.9,0.0,0.0,41.0
1625,2021-06-14,20.3,2.8,0.0,47.0
1626,2021-06-15,17.7,0.0,0.0,55.0
1627,2021-06-16,16.4,0.0,0.0,45.0
1628,2021-06-17,17.8,0.0,0.0,39.0
1629,2021-06-18,21.5,5.4,0.0,49.0
1630,2021-06-19,23.2,0.0,0.0,50.0
1631,2021-06-20,20.6,0.2,0.0,
1632,2021-06-21,20.7,5.8,0.0,68.0
1633,2021-06-22,14.8,0.0,0.0,44.0
1634,2021-06-23,16.3,0.0,0.0,40.0
1635,2021-06-24,22.0,0.0,0.0,53.0
1636,2021-06-25,22.3,16.4,0.0,31.0
1637,2021-06-26,23.3,5.6,0.0,51.0
1638,2021-06-27,27.5,0.0,0.0,58.0
1639,2021-06-28,27.0,3.0,0.0,42.0
1640,2021-06-29,26.8,23.2,0.0,64.0
1641,2021-06-30,23.4,0.4,0.0,58.0
1642,2021-07-01,21.3,0.0,0.0,45.0
1643,2021-07-02,20.2,24.4,0.0,44.0
1644,2021-07-03,19.8,0.0,0.0,
1645,2021-07-04,20.6,0.0,0.0,
1646,2021-07-05,25.5,0.0,0.0,44.0
1647,2021-07-06,27.5,0.0,0.0,58.0
1648,2021-07-07,20.4,9.8,0.0,36.0
1649,2021-07-08,16.9,29.0,0.0,
1650,2021-07-09,17.7,0.0,0.0,39.0
1651,2021-07-10,18.3,0.0,0.0,
1652,2021-07-11,18.6,1.4,0.0,
1653,2021-07-12,21.9,0.0,0.0,36.0
1654,2021-07-13,23.3,8.8,0.0,39.0
1655,2021-07-14,24.4,0.0,0.0,
1656,2021-07-15,24.9,6.4,0.0,61.0
1657,2021-07-16,21.6,0.0,0.0,
1658,2021-07-17,20.4,3.4,0.0,35.0
1659,2021-07-18,23.8,0.0,0.0,39.0
1660,2021-07-19,24.2,0.0,0.0,39.0
1661,2021-07-20,,,0.0,56.0
1662,2021-07-21,19.9,0.0,0.0,41.0
1663,2021-07-22,19.8,0.0,0.0,33.0
1664,2021-07-23,20.4,0.0,0.0,45.0
1665,2021-07-24,20.5,19.2,0.0,40.0
1666,2021-07-25,24.2,0.0,0.0,41.0
1667,2021-07-26,23.5,0.0,0.0,44.0
1668,2021-07-27,21.4,5.6,0.0,45.0
1669,2021-07-28,20.5,0.0,0.0,
1670,2021-07-29,22.8,11.4,0.0,38.0
1671,2021-07-30,16.7,0.0,0.0,50.0
1672,2021-07-31,16.3,1.0,0.0,32.0
1673,2021-08-01,,,0.0,38.0
1674,2021-08-02,19.0,0.0,0.0,32.0
1675,2021-08-03,20.5,0.0,0.0,35.0
1676,2021-08-04,21.5,0.0,0.0,
1677,2021-08-05,21.3,0.0,0.0,
1678,2021-08-06,23.6,0.0,0.0,40.0
1679,2021-08-07,23.7,20.4,0.0,
1680,2021-08-08,23.4,0.6,0.0,
1681,2021-08-09,26.5,0.0,0.0,39.0
1682,2021-08-10,25.9,1.0,0.0,37.0
1683,2021-08-11,27.2,0.4,0.0,56.0
1684,2021-08-12,26.0,1.2,0.0,41.0
1685,2021-08-13,24.9,0.0,0.0,36.0
1686,2021-08-14,20.3,0.0,0.0,37.0
1687,2021-08-15,18.4,0.0,0.0,32.0
1688,2021-08-16,19.8,0.0,0.0,33.0
1689,2021-08-17,24.2,0.0,0.0,
1690,2021-08-18,24.1,0.6,0.0,
1691,2021-08-19,25.9,0.0,0.0,35.0
1692,2021-08-20,24.7,0.0,0.0,
1693,2021-08-21,26.2,0.0,0.0,
1694,2021-08-22,25.8,0.0,0.0,33.0
1695,2021-08-23,26.8,0.0,0.0,34.0
1696,2021-08-24,26.5,0.0,0.0,53.0
1697,2021-08-25,27.3,0.0,0.0,35.0
1698,2021-08-26,27.1,6.4,0.0,55.0
1699,2021-08-27,23.4,0.0,0.0,39.0
1700,2021-08-28,23.4,23.6,0.0,64.0
1701,2021-08-29,26.6,3.2,0.0,44.0
1702,2021-08-30,23.4,0.0,0.0,47.0
1703,2021-08-31,21.1,0.0,0.0,39.0
1704,2021-09-01,19.9,0.0,0.0,41.0
1705,2021-09-02,16.9,0.0,0.0,50.0
1706,2021-09-03,18.0,0.0,0.0,
1707,2021-09-04,19.2,4.8,0.0,32.0
1708,2021-09-05,20.8,2.2,0.0,55.0
1709,2021-09-06,18.5,3.8,0.0,66.0
1710,2021-09-07,19.3,28.2,0.0,65.0
1711,2021-09-08,20.0,19.6,0.0,52.0
1712,2021-09-09,17.2,0.0,0.0,45.0
1713,2021-09-10,17.9,0.0,0.0,44.0
1714,2021-09-11,19.5,0.0,0.0,59.0
1715,2021-09-12,19.8,3.0,0.0,37.0
1716,2021-09-13,17.9,0.0,0.0,34.0
1717,2021-09-14,22.0,25.2,0.0,67.0
1718,2021-09-15,18.6,0.0,0.0,
1719,2021-09-16,18.0,0.0,0.0,
1720,2021-09-17,19.8,0.0,0.0,
1721,2021-09-18,18.0,0.0,0.0,40.0
1722,2021-09-19,15.7,0.0,0.0,
1723,2021-09-20,16.8,0.0,0.0,
1724,2021-09-21,22.2,4.8,0.0,48.0
1725,2021-09-22,15.8,56.0,0.0,60.0
1726,2021-09-23,15.7,1.8,0.0,50.0
1727,2021-09-24,13.8,0.0,0.0,41.0
1728,2021-09-25,14.8,4.6,0.0,50.0
1729,2021-09-26,13.7,3.0,0.0,40.0
1730,2021-09-27,19.3,1.0,0.0,45.0
1731,2021-09-28,13.0,0.0,0.0,40.0
1732,2021-09-29,14.7,0.0,0.0,37.0
1733,2021-09-30,12.5,0.0,0.0,
1734,2021-10-01,14.0,0.0,0.0,
1735,2021-10-02,19.4,0.2,0.0,35.0
1736,2021-10-03,17.7,20.6,0.0,34.0
1737,2021-10-04,15.2,3.4,0.0,
1738,2021-10-05,16.2,0.0,0.0,
1739,2021-10-06,16.3,0.0,0.0,
1740,2021-10-07,17.4,0.0,0.0,
1741,2021-10-08,17.5,0.0,0.0,
1742,2021-10-09,18.5,11.0,0.0,
1743,2021-10-10,18.6,0.8,0.0,
1744,2021-10-11,19.5,0.0,0.0,
1745,2021-10-12,19.4,0.0,0.0,35.0
1746,2021-10-13,18.2,0.0,0.0,39.0
1747,2021-10-14,17.4,1.8,0.0,
1748,2021-10-15,16.9,8.4,0.0,33.0
1749,2021-10-16,11.6,2.8,0.0,63.0
1750,2021-10-17,11.1,0.0,0.0,58.0
1751,2021-10-18,9.2,1.4,0.0,39.0
1752,2021-10-19,12.6,0.0,0.0,43.0
1753,2021-10-20,14.8,0.4,0.0,36.0
1754,2021-10-21,12.9,3.0,0.0,55.0
1755,2021-10-22,6.8,0.0,0.0,51.0
1756,2021-10-23,6.2,0.0,0.0,
1757,2021-10-24,7.8,2.0,0.0,
1758,2021-10-25,6.8,18.2,0.0,47.0
1759,2021-10-26,6.3,8.4,0.0,55.0
1760,2021-10-27,11.7,0.0,0.0,
1761,2021-10-28,7.6,0.0,0.0,41.0
1762,2021-10-29,11.0,10.2,0.0,48.0
1763,2021-10-30,8.8,9.0,0.0,40.0
1764,2021-10-31,11.0,0.2,0.0,54.0
1765,2021-11-01,6.7,0.0,0.0,59.0
1766,2021-11-02,4.5,0.0,0.0,49.0
1767,2021-11-03,3.0,0.0,0.0,33.0
1768,2021-11-04,3.8,0.0,0.0,
1769,2021-11-05,3.5,0.0,0.0,
1770,2021-11-06,5.9,0.0,0.0,32.0
1771,2021-11-07,9.3,0.0,0.0,38.0
1772,2021-11-08,11.2,0.0,0.0,40.0
1773,2021-11-09,10.4,2.6,0.0,
1774,2021-11-10,7.3,0.0,0.0,33.0
1775,2021-11-11,9.8,0.6,0.0,47.0
1776,2021-11-12,8.5,0.4,0.0,57.0
1777,2021-11-13,5.1,0.0,0.0,48.0
1778,2021-11-14,2.9,6.8,1.4,39.0
1779,2021-11-15,2.8,0.2,0.2,42.0
1780,2021-11-16,2.5,0.0,0.0,43.0
1781,2021-11-17,9.6,0.6,0.0,61.0
1782,2021-11-18,8.1,0.2,0.0,59.0
1783,2021-11-19,2.8,0.0,0.0,46.0
1784,2021-11-20,3.1,0.0,0.0,36.0
1785,2021-11-21,4.6,5.0,0.0,69.0
1786,2021-11-22,0.5,0.0,0.0,63.0
1787,2021-11-23,-0.3,0.0,0.0,40.0
1788,2021-11-24,3.0,0.6,0.0,
1789,2021-11-25,5.6,5.8,0.0,40.0
1790,2021-11-26,0.6,0.0,0.0,64.0
1791,2021-11-27,-1.0,0.0,0.2,39.0
1792,2021-11-28,-2.5,0.0,11.0,
1793,2021-11-29,-3.9,0.0,0.4,
1794,2021-11-30,-1.1,0.4,1.8,44.0
1795,2021-12-01,2.1,0.0,0.0,39.0
1796,2021-12-02,5.9,1.0,0.0,67.0
1797,2021-12-03,0.5,0.0,0.0,53.0
1798,2021-12-04,2.3,0.0,0.0,59.0
1799,2021-12-05,0.2,15.6,2.4,55.0
1800,2021-12-06,4.4,1.4,0.6,84.0
1801,2021-12-07,-4.4,0.0,0.2,42.0
1802,2021-12-08,-3.8,0.0,2.6,35.0
1803,2021-12-09,,0.0,1.8,37.0
1804,2021-12-10,3.2,0.0,0.0,31.0
1805,2021-12-11,9.5,21.6,0.0,96.0
1806,2021-12-12,3.1,0.0,0.0,60.0
1807,2021-12-13,5.9,0.0,0.0,46.0
1808,2021-12-14,3.8,0.0,0.0,44.0
1809,2021-12-15,8.3,0.6,0.0,38.0
1810,2021-12-16,10.4,0.0,0.0,94.0
1811,2021-12-17,2.4,0.0,0.0,53.0
1812,2021-12-18,-1.6,0.0,9.0,40.0
1813,2021-12-19,,0.0,0.0,32.0
1814,2021-12-20,,0.0,0.0,46.0
1815,2021-12-21,1.1,0.0,0.0,35.0
1816,2021-12-22,-0.3,0.0,0.6,69.0
1817,2021-12-23,-3.6,0.0,5.4,33.0
1818,2021-12-24,1.1,0.0,0.4,32.0
1819,2021-12-25,4.7,3.6,0.0,48.0
1820,2021-12-26,-1.2,0.0,0.0,37.0
1821,2021-12-27,-3.1,0.0,4.6,48.0
1822,2021-12-28,0.9,0.0,0.2,57.0
1823,2021-12-29,1.0,0.2,0.0,
1824,2021-12-30,1.1,0.0,0.0,
1825,2021-12-31,4.3,0.0,0.0,
1826,2022-01-01,0.7,0.2,2.8,46.0
1827,2022-01-02,-7.6,0.0,2.6,52.0
1828,2022-01-03,-10.9,0.0,0.0,
1829,2022-01-04,-2.7,0.0,0.0,33.0
1830,2022-01-05,-0.9,0.8,0.0,68.0
1831,2022-01-06,,0.0,0.0,48.0
1832,2022-01-07,,0.0,0.0,52.0
1833,2022-01-08,-7.2,0.0,0.0,39.0
1834,2022-01-09,-2.2,0.0,0.0,64.0
1835,2022-01-10,-12.8,0.0,0.2,62.0
1836,2022-01-11,-12.5,0.0,0.2,42.0
1837,2022-01-12,-1.0,0.0,0.0,45.0
1838,2022-01-13,-1.4,0.0,0.0,
1839,2022-01-14,-10.4,0.0,0.0,43.0
1840,2022-01-15,-17.1,0.0,0.0,37.0
1841,2022-01-16,-8.5,0.0,5.2,36.0
1842,2022-01-17,-4.4,0.0,29.2,
1843,2022-01-18,-6.3,0.0,1.2,43.0
1844,2022-01-19,-2.6,0.0,0.0,64.0
1845,2022-01-20,-13.8,0.0,0.0,40.0
1846,2022-01-21,-14.9,0.0,0.0,
1847,2022-01-22,-11.7,0.0,0.4,44.0
1848,2022-01-23,-11.5,0.0,0.0,39.0
1849,2022-01-24,-11.6,0.0,5.6,37.0
1850,2022-01-25,-11.4,0.0,0.0,40.0
1851,2022-01-26,,0.0,0.0,
1852,2022-01-27,-8.9,0.0,0.4,41.0
1853,2022-01-28,-11.2,0.0,0.0,50.0
1854,2022-01-29,-16.4,0.0,0.0,
1855,2022-01-30,-9.9,0.0,0.0,31.0
1856,2022-01-31,-4.0,0.0,0.0,
1857,2022-02-01,-2.2,0.0,0.0,42.0
1858,2022-02-02,0.8,5.4,8.0,47.0
1859,2022-02-03,-6.8,0.0,7.2,44.0
1860,2022-02-04,-12.3,0.0,0.4,37.0
1861,2022-02-05,-11.3,0.0,0.0,
1862,2022-02-06,-3.7,0.0,0.0,46.0
1863,2022-02-07,,,,36.0
1864,2022-02-08,-3.0,0.0,0.0,42.0
1865,2022-02-09,0.3,0.0,0.0,46.0
1866,2022-02-10,1.0,0.0,0.0,48.0
1867,2022-02-11,1.1,4.8,0.2,48.0
1868,2022-02-12,-5.5,0.8,1.0,60.0
1869,2022-02-13,-12.9,0.0,0.2,
1870,2022-02-14,-13.1,0.0,0.0,35.0
1871,2022-02-15,-7.3,0.0,0.0,40.0
1872,2022-02-16,3.5,0.2,0.0,71.0
1873,2022-02-17,1.0,26.2,13.4,58.0
1874,2022-02-18,-7.7,0.0,5.4,56.0
1875,2022-02-19,-6.7,0.0,4.6,83.0
1876,2022-02-20,-1.3,0.0,0.0,65.0
1877,2022-02-21,2.8,0.0,0.0,37.0
1878,2022-02-22,4.2,9.4,0.0,67.0
1879,2022-02-23,,0.0,0.0,68.0
1880,2022-02-24,-8.4,0.0,0.0,38.0
1881,2022-02-25,-9.2,0.0,6.6,51.0
1882,2022-02-26,-7.8,0.0,0.0,52.0
1883,2022-02-27,-3.8,0.0,1.0,62.0
1884,2022-02-28,-8.8,0.0,0.0,34.0
1885,2022-03-01,0.7,0.0,0.0,43.0
1886,2022-03-02,-1.0,0.0,1.2,67.0
1887,2022-03-03,-7.5,0.0,0.0,67.0
1888,2022-03-04,-4.8,0.0,0.0,46.0
1889,2022-03-05,-0.3,0.0,0.0,39.0
1890,2022-03-06,7.9,2.2,0.0,87.0
1891,2022-03-07,0.5,3.0,2.6,58.0
1892,2022-03-08,-0.8,0.0,0.4,39.0
1893,2022-03-09,1.3,0.0,0.0,34.0
1894,2022-03-10,0.4,0.0,0.0,
1895,2022-03-11,-2.1,0.0,5.8,37.0
1896,2022-03-12,-6.2,0.0,0.2,69.0
1897,2022-03-13,-5.4,0.0,1.4,48.0
1898,2022-03-14,0.9,0.0,0.0,33.0
1899,2022-03-15,0.9,0.2,10.0,
1900,2022-03-16,0.7,0.0,0.0,
1901,2022-03-17,8.5,0.0,0.0,
1902,2022-03-18,10.0,0.0,0.0,
1903,2022-03-19,6.3,5.6,0.0,54.0
1904,2022-03-20,6.4,0.6,0.0,55.0
1905,2022-03-21,6.2,0.0,0.0,55.0
1906,2022-03-22,1.5,0.0,0.0,
1907,2022-03-23,2.4,19.6,0.8,66.0
1908,2022-03-24,7.4,0.0,0.0,51.0
1909,2022-03-25,4.0,0.0,0.0,46.0
1910,2022-03-26,2.7,2.0,0.0,62.0
1911,2022-03-27,-5.2,0.0,1.6,66.0
1912,2022-03-28,-8.1,0.0,0.2,57.0
1913,2022-03-29,-3.4,0.0,0.0,34.0
1914,2022-03-30,-0.1,2.0,0.6,44.0
1915,2022-03-31,10.3,1.0,0.0,85.0
1916,2022-04-01,0.8,0.2,1.0,60.0
1917,2022-04-02,1.0,0.0,0.0,
1918,2022-04-03,2.8,0.2,0.8,42.0
1919,2022-04-04,3.2,0.0,0.0,
1920,2022-04-05,8.3,1.0,0.0,36.0
1921,2022-04-06,9.7,6.6,0.0,45.0
1922,2022-04-07,9.4,1.6,0.0,39.0
1923,2022-04-08,6.1,1.8,0.0,50.0
1924,2022-04-09,4.5,0.6,0.0,45.0
1925,2022-04-10,5.0,0.0,0.0,43.0
1926,2022-04-11,7.0,0.0,0.0,33.0
1927,2022-04-12,10.5,0.0,0.0,40.0
1928,2022-04-13,12.8,3.2,0.0,32.0
1929,2022-04-14,9.8,0.6,0.0,63.0
1930,2022-04-15,8.5,0.8,0.0,86.0
1931,2022-04-16,,,,
1932,2022-04-17,3.4,0.0,0.0,43.0
1933,2022-04-18,2.8,3.6,6.8,60.0
1934,2022-04-19,3.7,0.6,0.0,69.0
1935,2022-04-20,6.1,0.0,0.0,40.0
1936,2022-04-21,10.4,6.2,0.0,54.0
1937,2022-04-22,6.7,0.0,0.0,36.0
1938,2022-04-23,9.0,0.8,0.0,48.0
1939,2022-04-24,12.1,0.0,0.0,31.0
1940,2022-04-25,14.1,10.0,0.0,40.0
1941,2022-04-26,6.2,2.8,0.0,46.0
1942,2022-04-27,1.2,0.0,0.0,45.0
1943,2022-04-28,4.3,0.0,0.0,47.0
1944,2022-04-29,7.4,0.0,0.0,36.0
1945,2022-04-30,7.3,0.0,0.0,
1946,2022-05-01,8.9,2.0,0.0,46.0
1947,2022-05-02,10.7,0.2,0.0,
1948,2022-05-03,,13.0,0.0,32.0
1949,2022-05-04,11.5,8.6,0.0,42.0
1950,2022-05-05,9.7,0.0,0.0,
1951,2022-05-06,12.5,0.0,0.0,46.0
1952,2022-05-07,10.3,0.0,0.0,40.0
1953,2022-05-08,10.7,0.0,0.0,48.0
1954,2022-05-09,11.7,0.0,0.0,31.0
1955,2022-05-10,15.3,0.0,0.0,
1956,2022-05-11,16.7,0.0,0.0,
1957,2022-05-12,18.5,0.0,0.0,
1958,2022-05-13,19.8,0.0,0.0,
1959,2022-05-14,20.9,0.0,0.0,32.0
1960,2022-05-15,22.3,0.0,0.0,37.0
1961,2022-05-16,,10.8,0.0,49.0
1962,2022-05-17,11.7,0.0,0.0,52.0
1963,2022-05-18,10.3,0.0,0.0,
1964,2022-05-19,15.9,0.2,0.0,37.0
1965,2022-05-20,17.7,0.0,0.0,44.0
1966,2022-05-21,23.1,6.2,0.0,121.0
1967,2022-05-22,12.9,0.4,0.0,48.0
1968,2022-05-23,11.7,0.0,0.0,
1969,2022-05-24,12.7,0.0,0.0,
1970,2022-05-25,15.2,0.2,0.0,44.0
1971,2022-05-26,20.3,2.4,0.0,53.0
1972,2022-05-27,19.5,1.8,0.0,40.0
1973,2022-05-28,17.7,1.0,0.0,36.0
1974,2022-05-29,19.0,0.0,0.0,33.0
1975,2022-05-30,24.3,0.0,0.0,53.0
1976,2022-05-31,26.9,0.0,0.0,46.0
1977,2022-06-01,19.0,4.2,0.0,36.0
1978,2022-06-02,15.7,0.0,0.0,48.0
1979,2022-06-03,17.0,0.2,0.0,47.0
1980,2022-06-04,14.2,0.0,0.0,49.0
1981,2022-06-05,17.9,0.8,0.0,42.0
1982,2022-06-06,17.7,9.2,0.0,32.0
1983,2022-06-07,17.4,12.6,0.0,51.0
1984,2022-06-08,16.4,3.6,0.0,
1985,2022-06-09,17.3,4.0,0.0,54.0
1986,2022-06-10,17.3,0.0,0.0,50.0
1987,2022-06-11,19.4,0.0,0.0,57.0
1988,2022-06-12,19.1,1.2,0.0,40.0
1989,2022-06-13,16.7,0.0,0.0,
1990,2022-06-14,20.5,0.0,0.0,32.0
1991,2022-06-15,22.1,0.0,0.0,35.0
1992,2022-06-16,26.1,0.0,0.0,62.0
1993,2022-06-17,20.0,0.0,0.0,75.0
1994,2022-06-18,15.3,0.0,0.0,62.0
1995,2022-06-19,16.6,0.0,0.0,43.0
1996,2022-06-20,20.1,0.0,0.0,37.0
1997,2022-06-21,26.2,0.0,0.0,44.0
1998,2022-06-22,26.6,0.0,0.0,59.0
1999,2022-06-23,21.6,0.0,0.0,38.0
2000,2022-06-24,21.0,0.0,0.0,
2001,2022-06-25,24.8,0.0,0.0,
2002,2022-06-26,25.1,0.4,0.0,46.0
2003,2022-06-27,17.2,0.0,0.0,53.0
2004,2022-06-28,17.6,0.0,0.0,36.0
2005,2022-06-29,19.8,4.2,0.0,33.0
2006,2022-06-30,20.8,0.0,0.0,33.0
2007,2022-07-01,25.0,0.6,0.0,43.0
2008,2022-07-02,21.7,0.0,0.0,55.0
2009,2022-07-03,20.6,0.0,0.0,45.0
2010,2022-07-04,20.9,0.0,0.0,
2011,2022-07-05,23.1,7.4,0.0,47.0
2012,2022-07-06,20.0,0.0,0.0,35.0
2013,2022-07-07,20.3,0.0,0.0,31.0
2014,2022-07-08,21.4,0.0,0.0,39.0
2015,2022-07-09,18.6,0.0,0.0,
2016,2022-07-10,21.0,0.0,0.0,36.0
2017,2022-07-11,23.5,0.4,0.0,73.0
2018,2022-07-12,23.2,0.0,0.0,61.0
2019,2022-07-13,20.4,0.0,0.0,37.0
2020,2022-07-14,21.0,0.0,0.0,32.0
2021,2022-07-15,21.0,0.0,0.0,
2022,2022-07-16,23.1,0.0,0.0,32.0
2023,2022-07-17,23.9,0.0,0.0,31.0
2024,2022-07-18,23.8,16.0,0.0,43.0
2025,2022-07-19,27.1,0.0,0.0,41.0
2026,2022-07-20,27.6,0.0,0.0,59.0
2027,2022-07-21,26.4,0.0,0.0,64.0
2028,2022-07-22,26.0,0.0,0.0,58.0
2029,2022-07-23,27.5,0.0,0.0,49.0
2030,2022-07-24,26.1,18.4,0.0,53.0
2031,2022-07-25,19.6,0.0,0.0,52.0
2032,2022-07-26,19.0,0.0,0.0,
2033,2022-07-27,21.1,0.0,0.0,32.0
2034,2022-07-28,24.2,0.8,0.0,65.0
2035,2022-07-29,21.7,0.0,0.0,53.0
2036,2022-07-30,21.3,0.0,0.0,36.0
2037,2022-07-31,22.6,0.0,0.0,42.0
2038,2022-08-01,24.2,0.2,0.0,49.0
2039,2022-08-02,21.8,0.0,0.0,43.0
2040,2022-08-03,23.2,1.0,0.0,52.0
2041,2022-08-04,25.2,15.0,0.0,36.0
2042,2022-08-05,24.7,0.0,0.0,
2043,2022-08-06,26.3,0.0,0.0,38.0
2044,2022-08-07,28.4,0.0,0.0,45.0
2045,2022-08-08,25.5,2.0,0.0,53.0
2046,2022-08-09,20.3,0.0,0.0,45.0
2047,2022-08-10,21.0,0.0,0.0,31.0
2048,2022-08-11,21.4,0.0,0.0,47.0
2049,2022-08-12,20.1,0.0,0.0,54.0
2050,2022-08-13,19.4,0.0,0.0,33.0
2051,2022-08-14,21.3,0.0,0.0,
2052,2022-08-15,22.5,0.0,0.0,37.0
2053,2022-08-16,22.3,0.0,0.0,36.0
2054,2022-08-17,22.4,24.0,0.0,
2055,2022-08-18,22.6,1.6,0.0,37.0
2056,2022-08-19,22.1,0.8,0.0,36.0
2057,2022-08-20,23.5,0.0,0.0,
2058,2022-08-21,22.1,13.4,0.0,54.0
2059,2022-08-22,22.3,12.2,0.0,
2060,2022-08-23,22.8,0.0,0.0,40.0
2061,2022-08-24,23.0,0.0,0.0,36.0
2062,2022-08-25,21.7,5.8,0.0,52.0
2063,2022-08-26,20.5,0.0,0.0,52.0
2064,2022-08-27,18.2,0.0,0.0,
2065,2022-08-28,21.5,0.0,0.0,32.0
2066,2022-08-29,26.1,1.8,0.0,60.0
2067,2022-08-30,21.2,3.0,0.0,47.0
2068,2022-08-31,20.9,0.0,0.0,65.0
2069,2022-09-01,18.1,0.0,0.0,36.0
2070,2022-09-02,22.0,0.0,0.0,32.0
2071,2022-09-03,24.0,0.0,0.0,39.0
2072,2022-09-04,18.1,0.4,0.0,
2073,2022-09-05,18.6,0.0,0.0,
2074,2022-09-06,19.1,0.0,0.0,
2075,2022-09-07,20.5,0.0,0.0,
2076,2022-09-08,20.9,0.0,0.0,
2077,2022-09-09,21.1,0.0,0.0,
2078,2022-09-10,23.6,0.0,0.0,31.0
2079,2022-09-11,22.1,2.0,0.0,
2080,2022-09-12,19.7,5.2,0.0,41.0
2081,2022-09-13,16.9,0.4,0.0,
2082,2022-09-14,18.2,0.0,0.0,49.0
2083,2022-09-15,13.8,0.0,0.0,
2084,2022-09-16,18.2,0.0,0.0,31.0
2085,2022-09-17,20.1,0.0,0.0,
2086,2022-09-18,,3.6,0.0,35.0
2087,2022-09-19,22.0,0.2,0.0,58.0
2088,2022-09-20,20.8,0.0,0.0,43.0
2089,2022-09-21,23.0,0.0,0.0,66.0
2090,2022-09-22,12.4,0.2,0.0,65.0
2091,2022-09-23,10.8,0.0,0.0,51.0
2092,2022-09-24,12.2,0.0,0.0,
2093,2022-09-25,15.5,23.2,0.0,33.0
2094,2022-09-26,13.9,2.4,0.0,50.0
2095,2022-09-27,14.6,1.8,0.0,38.0
2096,2022-09-28,11.8,0.0,0.0,38.0
2097,2022-09-29,12.2,0.0,0.0,
2098,2022-09-30,11.6,0.0,0.0,
2099,2022-10-01,14.6,0.0,0.0,44.0
2100,2022-10-02,11.3,0.0,0.0,43.0
2101,2022-10-03,9.5,0.0,0.0,
2102,2022-10-04,12.3,0.0,0.0,
2103,2022-10-05,15.5,0.0,0.0,
2104,2022-10-06,18.2,0.4,0.0,50.0
2105,2022-10-07,7.6,0.2,0.0,53.0
2106,2022-10-08,6.5,0.0,0.0,53.0
2107,2022-10-09,10.7,0.0,0.0,39.0
2108,2022-10-10,11.0,0.0,0.0,
2109,2022-10-11,13.7,0.0,0.0,45.0
2110,2022-10-12,16.9,4.8,0.0,37.0
2111,2022-10-13,11.2,11.4,0.0,46.0
2112,2022-10-14,10.2,0.4,0.0,53.0
2113,2022-10-15,9.6,1.8,0.0,64.0
2114,2022-10-16,11.3,0.0,0.0,44.0
2115,2022-10-17,6.7,0.8,0.0,35.0
2116,2022-10-18,5.2,2.0,0.0,46.0
2117,2022-10-19,6.5,1.4,0.0,48.0
2118,2022-10-20,4.0,0.6,0.0,46.0
2119,2022-10-21,9.0,0.0,0.0,51.0
2120,2022-10-22,15.9,0.0,0.0,39.0
2121,2022-10-23,12.6,0.0,0.0,
2122,2022-10-24,12.1,0.0,0.0,
2123,2022-10-25,12.6,0.0,0.0,
2124,2022-10-26,10.6,9.4,0.0,57.0
2125,2022-10-27,6.0,0.0,0.0,43.0
2126,2022-10-28,6.0,0.0,0.0,
2127,2022-10-29,7.7,0.0,0.0,
2128,2022-10-30,7.8,0.0,0.0,
2129,2022-10-31,8.7,3.4,0.0,
2130,2022-11-01,13.6,10.4,0.0,38.0
2131,2022-11-02,10.0,0.0,0.0,
2132,2022-11-03,9.8,0.0,0.0,
2133,2022-11-04,14.3,0.0,0.0,33.0
2134,2022-11-05,18.9,5.2,0.0,64.0
2135,2022-11-06,14.7,0.0,0.0,49.0
2136,2022-11-07,8.2,0.0,0.0,51.0
2137,2022-11-08,6.0,0.0,0.0,32.0
2138,2022-11-09,8.1,0.0,0.0,32.0
2139,2022-11-10,14.6,0.0,0.0,42.0
2140,2022-11-11,12.9,9.0,0.0,49.0
2141,2022-11-12,6.9,0.6,0.0,51.0
2142,2022-11-13,1.3,0.0,0.2,42.0
2143,2022-11-14,1.2,0.0,0.0,33.0
2144,2022-11-15,-0.7,0.0,4.2,40.0
2145,2022-11-16,-0.1,0.0,5.0,
2146,2022-11-17,-1.1,0.0,0.4,49.0
2147,2022-11-18,-0.7,0.0,0.0,57.0
2148,2022-11-19,-3.3,0.0,0.4,51.0
2149,2022-11-20,-5.5,0.0,1.8,66.0
2150,2022-11-21,-0.3,0.0,0.0,64.0
2151,2022-11-22,1.5,0.0,0.0,
2152,2022-11-23,2.5,0.0,0.0,
2153,2022-11-24,3.6,0.0,0.0,
2154,2022-11-25,3.8,0.2,0.0,67.0
2155,2022-11-26,6.6,0.0,0.0,41.0
2156,2022-11-27,4.5,5.0,0.0,49.0
2157,2022-11-28,2.2,0.0,0.0,45.0
2158,2022-11-29,3.8,0.0,0.0,44.0
2159,2022-11-30,3.5,12.2,1.0,76.0
2160,2022-12-01,-0.7,0.0,0.0,53.0
2161,2022-12-02,2.0,2.8,0.0,37.0
2162,2022-12-03,5.0,8.2,0.0,89.0
2163,2022-12-04,-1.2,0.0,0.0,39.0
2164,2022-12-05,2.5,0.0,0.0,40.0
2165,2022-12-06,5.4,0.6,0.0,
2166,2022-12-07,5.3,0.2,0.0,36.0
2167,2022-12-08,1.6,0.0,0.0,34.0
2168,2022-12-09,-1.4,0.0,0.0,34.0
2169,2022-12-10,-3.0,0.0,0.0,40.0
2170,2022-12-11,-2.3,0.0,5.2,32.0
2171,2022-12-12,-4.7,0.0,0.0,
2172,2022-12-13,-4.8,0.0,0.0,
2173,2022-12-14,-4.3,0.0,0.0,34.0
2174,2022-12-15,0.0,23.8,5.0,61.0
2175,2022-12-16,1.1,2.8,0.4,39.0
2176,2022-12-17,-0.7,0.0,0.0,39.0
2177,2022-12-18,-1.3,0.0,1.2,56.0
2178,2022-12-19,-0.7,0.0,0.0,49.0
2179,2022-12-20,-1.1,0.0,0.0,
2180,2022-12-21,-2.9,0.0,0.0,
2181,2022-12-22,0.2,9.8,0.0,49.0
2182,2022-12-23,-4.9,9.2,2.0,82.0
2183,2022-12-24,-12.0,0.0,0.0,81.0
2184,2022-12-25,-7.0,0.0,0.2,72.0
2185,2022-12-26,-7.4,0.0,0.0,49.0
2186,2022-12-27,-4.3,0.0,0.0,36.0
2187,2022-12-28,1.6,0.0,0.0,38.0
2188,2022-12-29,5.8,0.0,0.0,46.0
2189,2022-12-30,10.7,5.8,0.0,42.0
2190,2022-12-31,6.2,18.6,0.0,41.0
